{"type":"FeatureCollection","features":[{"id":"88","type":"Feature","properties":{"NOMBRE_PRO":"Bloque Cubarral, Campos Castilla y Chichimene","CLIENTE":"ECOPETROL S.A","DEPARTAMEN":"META","MUNICIPIO":"CASTILLA LA NUEVA / ACACÍAS","SECTOR":"HIDROCARBUROS","LATITUD":"3° 53' 37,458\" N","LONGITUD":"73° 39' 57,356\" W"},"geometry":{"type":"Polygon","coordinates":[[[-73.57659849249424,3.8759509300315753],[-73.66220354498076,3.7983266364612285],[-73.68234729753513,3.8071169483183596],[-73.71446973211408,3.8478974593308424],[-73.76170606234876,3.9051322853141053],[-73.69211645889455,3.963087279473587],[-73.64565574454109,3.9947147848671385],[-73.6252193524174,3.954155041840382],[-73.57659849249424,3.8759509300315753]]]}},{"id":"89","type":"Feature","properties":{"NOMBRE_PRO":"Campo De Producción 50K- CPO-09","CLIENTE":"ECOPETROL S.A","DEPARTAMEN":"META","MUNICIPIO":"CASTILLA LA NUEVA / ACACÍAS","SECTOR":"HIDROCARBUROS","LATITUD":"3° 57' 19,989\" N","LONGITUD":"73° 43' 2,869\" W"},"geometry":{"type":"Polygon","coordinates":[[[-73.69293306008733,4.000788610803817],[-73.63013028017306,4.000935556379715],[-73.62686750001038,3.9936397221768467],[-73.6408083298657,3.9850705559869857],[-73.64567111018977,3.994721388932407],[-73.69213028006651,3.963094166788518],[-73.7617172197577,3.9051397220745736],[-73.74199499980678,3.881235000027773],[-73.75462417020877,3.870807499682244],[-73.76098416974564,3.8883602777271458],[-73.76288249977064,3.8897291673719105],[-73.76246860986456,3.8927144441825186],[-73.77080444043247,3.9009683327766047],[-73.76948277985267,3.9265686107279376],[-73.77288028032251,3.9317977784326903],[-73.76863722038846,3.9424552783729205],[-73.69293306008733,4.000788610803817]]]}},{"id":"90","type":"Feature","properties":{"NOMBRE_PRO":"Bloque Apiay - (Guayuriba)","CLIENTE":"ECOPETROL S.A","DEPARTAMEN":"META","MUNICIPIO":"ACACÍAS","SECTOR":"HIDROCARBUROS","LATITUD":"4° 3' 8,261\" N","LONGITUD":"73° 26' 17,912\" W"},"geometry":{"type":"Polygon","coordinates":[[[-73.3285769725671,4.130656921525898],[-73.32866293847007,4.064473599772801],[-73.33876480166712,4.064483024527464],[-73.33877327525663,4.055261138853544],[-73.34619658620616,4.05534476329234],[-73.34620509458668,4.045969137566208],[-73.35454668212401,4.045899867566117],[-73.35455480296434,4.03683166787973],[-73.37215611004986,4.036924220780745],[-73.37216434875317,4.027471675446778],[-73.38188318120469,4.027557008776193],[-73.38189122369269,4.018181303428073],[-73.39995137613862,4.018273576574394],[-73.39996387386621,4.000579981931998],[-73.41764104040507,4.000652220112718],[-73.4176489608718,3.9908537854004065],[-73.43561308478355,3.9908682302994776],[-73.43562019289968,3.9818190350386202],[-73.45364154106977,3.9818330983234698],[-73.4536487396497,3.972380383279034],[-73.46265933460758,3.9723872505282753],[-73.46274688414734,3.9578443268705623],[-73.53556349099293,3.9577588237920365],[-73.53551654552176,4.028234071677407],[-73.52798660819376,4.02822892133193],[-73.5279802197323,4.037605428468949],[-73.50599284651099,4.037287556354432],[-73.50582832942175,4.109369040289407],[-73.49735618945378,4.109533006874932],[-73.49734957557067,4.118550266913187],[-73.48803030098625,4.118543316518825],[-73.48802331668871,4.1279008378327315],[-73.45210149868473,4.127872948865293],[-73.45227843330312,4.118345530599737],[-73.39788830557981,4.1184704159986625],[-73.39787780678584,4.130720043504227],[-73.3285769725671,4.130656921525898]]]}},{"id":"91","type":"Feature","properties":{"NOMBRE_PRO":"Area Desarrollo Pauto","CLIENTE":"ECOPETROL S.A","DEPARTAMEN":"CASANARE","MUNICIPIO":"YOPAL","SECTOR":"HIDROCARBUROS","LATITUD":"5° 26' 15,675\" N","LONGITUD":"72° 26' 22,721\" W"},"geometry":{"type":"Polygon","coordinates":[[[-72.3877690853589,5.51460063561012],[-72.37950054555608,5.508295031288218],[-72.37688374445827,5.5085831368446385],[-72.37386108094357,5.505365685153246],[-72.37391094221252,5.498621896059702],[-72.37217713388489,5.495479538799998],[-72.39439551395017,5.478395605969152],[-72.39852120740537,5.47619624307171],[-72.38642856767783,5.464044571190019],[-72.39906195134151,5.451419952364921],[-72.407678072269,5.445097589561644],[-72.42493001887028,5.395131466125081],[-72.4273012276941,5.39276783515718],[-72.44364764132504,5.40923177861297],[-72.49414494104703,5.358873932622489],[-72.51135250595021,5.380306713665561],[-72.503819259512,5.387800961434487],[-72.49726966166811,5.391534478371025],[-72.4967402666512,5.393608569551343],[-72.49366479855271,5.396328680793594],[-72.48835794352271,5.402141656593711],[-72.48728460953933,5.402491384404429],[-72.48579451448977,5.40424474607297],[-72.48265968759831,5.405828358392288],[-72.48093426169258,5.407543118118392],[-72.48004336406754,5.409172385266971],[-72.47783644199563,5.410479991774892],[-72.47509795068656,5.41293147279496],[-72.47338674535513,5.415394696019322],[-72.47337246027614,5.416365487759392],[-72.47276600349413,5.417517305519865],[-72.47159440174701,5.418179495679559],[-72.47083956511531,5.419843450217506],[-72.4714742948791,5.420965113348157],[-72.47281806765785,5.422053404337722],[-72.47310726562446,5.454529930342865],[-72.47052321228495,5.457148963767658],[-72.4691093543197,5.458307643390928],[-72.45036907280382,5.4699395380427305],[-72.44847894004641,5.4684067735166595],[-72.42384909162791,5.471344891232935],[-72.42228931940437,5.4861485027296],[-72.3877690853589,5.51460063561012]]]}},{"id":"93","type":"Feature","properties":{"NOMBRE_PRO":"Campo Mago","CLIENTE":"ECOPETROL S.A","DEPARTAMEN":"META","MUNICIPIO":"PUERTO GAITÁN","SECTOR":"HIDROCARBUROS","LATITUD":"3° 44' 34,116\" N","LONGITUD":"71° 45' 6,913\" W"},"geometry":{"type":"Polygon","coordinates":[[[-71.66328891451626,3.7991233921772976],[-71.66404072413678,3.6799140954613696],[-71.83330989072583,3.6800931943071835],[-71.83332101860304,3.8295839903594935],[-71.78708826220944,3.829634454919229],[-71.78700384245525,3.7723275946764985],[-71.7296237604167,3.7992030145462983],[-71.66328891451626,3.7991233921772976]]]}},{"id":"94","type":"Feature","properties":{"NOMBRE_PRO":"BLOQUE  CUSIANA","CLIENTE":"ECOPETROL S.A","DEPARTAMEN":"CASANARE","MUNICIPIO":"AGUAZUL / TAURAMENA","SECTOR":"HIDROCARBUROS","LATITUD":"5° 0' 5,469\" N","LONGITUD":"72° 41' 54,028\" W"},"geometry":{"type":"Polygon","coordinates":[[[-72.61222443303467,5.098407471271791],[-72.64298719130957,5.002402602394861],[-72.63490668454848,4.999814076318016],[-72.63793026273102,4.9732606796659775],[-72.6650714720589,4.924149262915831],[-72.69144878585388,4.896170437738083],[-72.77024597757735,4.936551061039756],[-72.79051255615087,4.9443838012410595],[-72.79048562677474,4.961027779674295],[-72.7842615238928,4.990850023065294],[-72.7249334741932,5.054167685221491],[-72.70473077358159,5.100601751572308],[-72.61222443303467,5.098407471271791]]]}},{"id":"95","type":"Feature","properties":{"NOMBRE_PRO":"SANTIAGO DE LAS ATALAYAS (CUP)-RECETOR A","CLIENTE":"ECOPETROL S.A","DEPARTAMEN":"CASANARE","MUNICIPIO":"AGUAZUL","SECTOR":"HIDROCARBUROS","LATITUD":"5° 14' 39,107\" N","LONGITUD":"72° 35' 39,376\" W"},"geometry":{"type":"Polygon","coordinates":[[[-72.61222443303467,5.098407471271791],[-72.70473077358159,5.100601751572308],[-72.65969270572124,5.204096076283363],[-72.63816303730232,5.221000378518836],[-72.64141031361102,5.2424769217695335],[-72.60169607719712,5.289018239585175],[-72.6173265913137,5.301441038753769],[-72.64593813248614,5.275321350928239],[-72.63967727218095,5.300136164184949],[-72.62142693061294,5.323861226000421],[-72.59625604631646,5.315636315949244],[-72.58339228428132,5.3273470321813825],[-72.56678313704153,5.330221410860982],[-72.57369191073401,5.340189909624087],[-72.57364259916109,5.360370155412939],[-72.57200823038002,5.362815259056059],[-72.5714325181287,5.364226378808376],[-72.57143574255456,5.365553146241898],[-72.57110702213271,5.36646611169832],[-72.5705300878378,5.367379680375016],[-72.56978687619483,5.367961969085809],[-72.56920994185593,5.3688755373408465],[-72.56805869688895,5.371780679104894],[-72.56765801231472,5.373428100911674],[-72.56820697292399,5.3738309133418465],[-72.56817627703917,5.374324698601345],[-72.56875663366313,5.375144484968081],[-72.56909450764171,5.375231664940006],[-72.5697849620052,5.375954198130638],[-72.57051858125077,5.37627535642716],[-72.57100037356338,5.376201720422883],[-72.57198634728235,5.375353953298923],[-72.57275678664564,5.37506223364511],[-72.57350431113466,5.375253620966487],[-72.57360564096214,5.375444602753825],[-72.56560093955626,5.391940301369126],[-72.55731164371574,5.402382785548862],[-72.55574896626958,5.403376782181089],[-72.55359309913212,5.405047163150509],[-72.55077142810471,5.406219618030906],[-72.54994210261856,5.4068044299166464],[-72.54861333305837,5.406974166335851],[-72.54711940775317,5.407560586393879],[-72.54438498988327,5.410481208302139],[-72.54338990833655,5.411232926568461],[-72.5414815989381,5.412236624418287],[-72.54056817370143,5.412405345277068],[-72.53968460032172,5.412876876082362],[-72.47632894753383,5.34804699905416],[-72.55984998847818,5.282514059236218],[-72.54016822375534,5.223703117842396],[-72.58208201484142,5.19248114728089],[-72.61222443303467,5.098407471271791]]]}},{"id":"97","type":"Feature","properties":{"NOMBRE_PRO":"Area Gilbrartar","CLIENTE":"ECOPETROL S.A","DEPARTAMEN":"NORTE DE SANTANDER","MUNICIPIO":"CUBARÁ / TOLEDO","SECTOR":"HIDROCARBUROS","LATITUD":"7° 0' 37,273\" N","LONGITUD":"72° 10' 27,110\" W"},"geometry":{"type":"Polygon","coordinates":[[[-72.12925352087511,6.94265080059818],[-72.21882134285057,6.942441649027499],[-72.21915455989541,7.078047606353948],[-72.12956084584869,7.078260838197286],[-72.12925352087511,6.94265080059818]]]}},{"id":"98","type":"Feature","properties":{"NOMBRE_PRO":"DESARROLLO DEL CAMPO YAGUARA","CLIENTE":"ECOPETROL S.A","DEPARTAMEN":"HUILA","MUNICIPIO":"YAGUARÁ","SECTOR":"HIDROCARBUROS","LATITUD":"2° 37' 1,598\" N","LONGITUD":"75° 31' 28,433\" W"},"geometry":{"type":"Polygon","coordinates":[[[-75.5835316523997,2.5595397013458236],[-75.52699720706505,2.6673059299726547],[-75.51172686304126,2.6781727066354186],[-75.49914176800378,2.6790915182484016],[-75.48025625007335,2.673688933572271],[-75.46674151440362,2.6473955559661104],[-75.55382358908308,2.544323104080006],[-75.5835316523997,2.5595397013458236]]]}},{"id":"99","type":"Feature","properties":{"NOMBRE_PRO":"Campo de Producción Yaguará","CLIENTE":"ECOPETROL S.A","DEPARTAMEN":"HUILA","MUNICIPIO":"YAGUARÁ","SECTOR":"HIDROCARBUROS","LATITUD":"2° 36' 33,660\" N","LONGITUD":"75° 31' 48,682\" W"},"geometry":{"type":"Polygon","coordinates":[[[-75.4876192623163,2.634090989303303],[-75.49895603663938,2.6187088255425737],[-75.50125900058487,2.620125587592966],[-75.5048865577085,2.616342429007623],[-75.50864564313694,2.6096480217449045],[-75.50691768037521,2.6079141857539416],[-75.55376967593085,2.5443412471258426],[-75.58356741727827,2.5593769322538105],[-75.53154484678417,2.6585582956096747],[-75.52617014696645,2.6519107642403457],[-75.52320881000558,2.6487409885512085],[-75.5096097877363,2.6510260725767107],[-75.50225074397295,2.6542530955536887],[-75.5019540760254,2.6542534400470745],[-75.49515432255154,2.659206572178358],[-75.48835493935127,2.66453940558965],[-75.479293173687,2.67269555411936],[-75.4673224187432,2.6604046594952666],[-75.4876192623163,2.634090989303303]]]}},{"id":"100","type":"Feature","properties":{"NOMBRE_PRO":"Campo Rio Ceibas","CLIENTE":"ECOPETROL S.A","DEPARTAMEN":"HUILA","MUNICIPIO":"NEIVA","SECTOR":"HIDROCARBUROS","LATITUD":"2° 57' 15,761\" N","LONGITUD":"75° 9' 56,853\" W"},"geometry":{"type":"Polygon","coordinates":[[[-75.13204445984871,2.9995647988903675],[-75.12131037206238,2.981944957233708],[-75.12599650494707,2.9700429605916274],[-75.14193862170717,2.9709085432360203],[-75.14226700671726,2.9707260619753804],[-75.13915422923148,2.9524911237063827],[-75.1464120612551,2.9341568584528566],[-75.14462089677089,2.9227386872639767],[-75.15946615178488,2.913642766026158],[-75.18374296539803,2.9100023795987537],[-75.20598380985643,2.9235993040316326],[-75.20701939667036,2.9233245381291937],[-75.20764760270973,2.92461643147909],[-75.21261077067365,2.9276505237888486],[-75.17116297298381,2.9949616810597766],[-75.16451247312243,2.994138197682612],[-75.15875509897262,2.9989437542426622],[-75.13204445984871,2.9995647988903675]]]}},{"id":"105","type":"Feature","properties":{"NOMBRE_PRO":"EXPLOTACIÓN PETROLERA EN EL CAMPO SANTIAGO","CLIENTE":"ECOPETROL S.A","DEPARTAMEN":"CASANARE","MUNICIPIO":"MANÍ","SECTOR":"HIDROCARBUROS","LATITUD":"4° 41' 32,498\" N","LONGITUD":"72° 23' 13,613\" W"},"geometry":{"type":"Polygon","coordinates":[[[-72.27479224243216,4.8377193156998795],[-72.2751255352814,4.710058677936666],[-72.39411172858075,4.679542299466125],[-72.40472068119817,4.64307622284837],[-72.51878346742252,4.5139691246895834],[-72.50136171375796,4.642078479671877],[-72.40034264179924,4.714900682618795],[-72.32279531466048,4.815573715889949],[-72.27479224243216,4.8377193156998795]]]}},{"id":"106","type":"Feature","properties":{"NOMBRE_PRO":"PROYECTO CAMPO TELLO LA JAGUA","CLIENTE":"ECOPETROL S.A","DEPARTAMEN":"HUILA","MUNICIPIO":"NEIVA","SECTOR":"HIDROCARBUROS","LATITUD":"2° 59' 23,103\" N","LONGITUD":"75° 12' 50,121\" W"},"geometry":{"type":"Polygon","coordinates":[[[-75.27822761721656,2.9501446776976388],[-75.20685602093658,3.0652333731011727],[-75.14961530439876,3.029353839737469],[-75.22099338811461,2.9142674111694515],[-75.27822761721656,2.9501446776976388]]]}},{"id":"117","type":"Feature","properties":{"NOMBRE_PRO":"ACTUALIZACIÓN DEL PLAN DE MANEJO AMBIENTAL ESPECÍFICO PARA LA CONVERSIÓN DE LOS POZOS GUATIQUÍA 10, 12, 14 Y 17H, APIAY 11, 16 Y 60, SURIA 15 Y LA CONSTRUCCIÓN, OPERACIÓN Y MANTENIMIENTO DE SUS","CLIENTE":"ECOPETROL S.A","DEPARTAMEN":"META","MUNICIPIO":"VILLAVICENCIO","SECTOR":"HIDROCARBUROS","LATITUD":"4° 5' 11,253\" N","LONGITUD":"73° 23' 9,020\" W"},"geometry":{"type":"MultiPolygon","coordinates":[[[[-73.45164616003221,4.044008299411934],[-73.45351411871302,4.04410099862935],[-73.45412338143193,4.044453776821578],[-73.45460056775423,4.045121697181944],[-73.45473815882931,4.045814292088929],[-73.45467589709934,4.047729631172775],[-73.45429041487881,4.048454817020161],[-73.45362528421684,4.04893400679493],[-73.45293558217368,4.04907217553747],[-73.45129838852463,4.049009854744516],[-73.45057623232276,4.048622753588762],[-73.45009904625532,4.04795483200732],[-73.44996145826256,4.047262235998947],[-73.45009939590938,4.045122654346194],[-73.45076281431199,4.0443099628881924],[-73.45164616003221,4.044008299411934]]],[[[-73.38753815679192,4.062264566247204],[-73.38871262266085,4.062337023352512],[-73.3895854803681,4.0629593859101965],[-73.38994296048945,4.063824844622114],[-73.3899070895998,4.065523911127754],[-73.38956959677034,4.066272840043316],[-73.38893703992012,4.066794644916632],[-73.3879049875189,4.067039942597343],[-73.38651564534727,4.067131330183317],[-73.38567861189495,4.066717328635836],[-73.3852014627697,4.066049364164795],[-73.38506409531637,4.065380879933798],[-73.38514574657383,4.063813013746818],[-73.3854145822374,4.063160396752361],[-73.38591166139689,4.062660765423445],[-73.38644644835105,4.062417137155293],[-73.38753815679192,4.062264566247204]]],[[[-73.38712766406965,4.073568655590751],[-73.3866894006119,4.074181519497417],[-73.38597232202237,4.074325107959052],[-73.3853109794724,4.073879846750572],[-73.38516798887773,4.073159785039339],[-73.38538649989746,4.072714305315256],[-73.38573905345808,4.072460362380027],[-73.3866141022296,4.072518261774618],[-73.38680689302375,4.072020840486661],[-73.38719908170754,4.071718351380412],[-73.3876893466974,4.07165329777443],[-73.38826533831757,4.07189195834689],[-73.38903263379004,4.073161253015232],[-73.38909024220017,4.073964174610196],[-73.38867118697496,4.075027714293368],[-73.38780813996925,4.075899626059782],[-73.38728913390518,4.076096064099081],[-73.3865966281469,4.075860384732478],[-73.38627291487076,4.075202022323514],[-73.38636915955182,4.074714932538539],[-73.38711961455753,4.073880097809889],[-73.38712766406965,4.073568655590751]]],[[[-73.3811810022377,4.0789455966297155],[-73.38056665091408,4.078760892174598],[-73.38008913832819,4.078417631815494],[-73.37969811646398,4.07783059284914],[-73.37956449474876,4.0772563604303285],[-73.37984136819021,4.076082322503145],[-73.38088227664407,4.0750936565283045],[-73.38169687772996,4.074901916191171],[-73.38267273102788,4.075116417396786],[-73.38317157779407,4.075427579849478],[-73.3836024458495,4.075987090972079],[-73.38429869261985,4.076147435085432],[-73.38505517450473,4.076583125557658],[-73.38533058404069,4.0769197804924255],[-73.38538134777987,4.077671453316144],[-73.38489949874813,4.078223714414185],[-73.38421472880408,4.078314625677045],[-73.38350782218804,4.077969057433198],[-73.38311531606062,4.078463012926533],[-73.38259780180799,4.078790198005326],[-73.3811810022377,4.0789455966297155]]],[[[-73.37527126059301,4.091352692433381],[-73.3732112994648,4.091160922201468],[-73.3727085747374,4.090748903096684],[-73.37255137000675,4.090152172330004],[-73.37156814113484,4.089955377626505],[-73.37080398639993,4.089237369402947],[-73.37039076483386,4.08800602071586],[-73.37044068420087,4.085812359117316],[-73.37072870031088,4.085042871884982],[-73.37132594207202,4.084480651902981],[-73.37210922708402,4.084241663803995],[-73.37391909278537,4.084291076080362],[-73.37459346574539,4.0845229359865804],[-73.37511421259065,4.084983195940185],[-73.37548704076872,4.086096640821855],[-73.37541989189715,4.088622276584036],[-73.37503176454697,4.089526598452894],[-73.37966309834607,4.089456382189705],[-73.38013912618507,4.08967346073482],[-73.38041482329606,4.090119518492002],[-73.38032426754187,4.090805606630812],[-73.37977709742131,4.091226446071425],[-73.37527126059301,4.091352692433381]]],[[[-73.37824945778185,4.099785561846484],[-73.37736687544201,4.100180518416],[-73.37654866528281,4.100207799492668],[-73.37580281757977,4.099868888238856],[-73.37525358068356,4.099243675879807],[-73.37456647156908,4.0996042975133395],[-73.37373354183676,4.0995939186837544],[-73.37330461549593,4.099240789558327],[-73.37314335729185,4.098707890072395],[-73.37342286731416,4.0980294100398105],[-73.37443230141179,4.097394968019899],[-73.37449535499456,4.096474915740769],[-73.3749273384973,4.095776631959423],[-73.37731741929873,4.093967340426118],[-73.37821860334682,4.093724414359489],[-73.37922021617656,4.094028989066852],[-73.37988451330109,4.094841000971364],[-73.38029949744201,4.096825122751519],[-73.38001524479688,4.098155410897044],[-73.38225343115674,4.098621037018829],[-73.38280882419375,4.099423069164401],[-73.38366324074994,4.0998655654350395],[-73.38412723987491,4.100396327233439],[-73.38481057627526,4.102907172066998],[-73.38479164246844,4.103496563978966],[-73.38452279459709,4.104149181359683],[-73.38371412223059,4.104816231043592],[-73.38196923854971,4.105278283846945],[-73.38122286445761,4.1052877869508775],[-73.38057292716779,4.105017827379439],[-73.37990862078968,4.104205818310486],[-73.37934743165302,4.102021264660568],[-73.37929816770604,4.100862310624087],[-73.37969052541017,4.100046215411341],[-73.37824945778185,4.099785561846484]]],[[[-73.37053361990444,4.106701962616623],[-73.37039140061343,4.105957095287625],[-73.36878404173521,4.106241481256275],[-73.36826470986524,4.106137885404477],[-73.36770401091024,4.105556126396575],[-73.3676660461262,4.104800364290232],[-73.36872810625862,4.1032536641548045],[-73.36931961238912,4.102831318863132],[-73.36975776169221,4.10187158603555],[-73.37103190718643,4.100764604056974],[-73.37176547289025,4.099842111387904],[-73.37222228370936,4.099651863952337],[-73.37265410502417,4.099694366535208],[-73.37314155400148,4.100069582540309],[-73.37329469783245,4.100727703357452],[-73.37232759307086,4.102194764868302],[-73.37408975672196,4.102162012541145],[-73.37473969058838,4.102431978457105],[-73.37516851083072,4.102834889960869],[-73.37552599830913,4.103700355545566],[-73.37554341918046,4.106508840492172],[-73.37511143150121,4.107207121713575],[-73.37441642007452,4.107641543010035],[-73.37208164778782,4.107814743206124],[-73.37140217828899,4.107632270267532],[-73.37092465013595,4.107289005108469],[-73.37053361990444,4.106701962616623]]]]}},{"id":"118","type":"Feature","properties":{"NOMBRE_PRO":"Plan de Manejo Ambiental Específico para la ampliación de la Termoeléctrica Suria – Etapa 1","CLIENTE":"ECOPETROL S.A","DEPARTAMEN":"META","MUNICIPIO":"VILLAVICENCIO","SECTOR":"HIDROCARBUROS","LATITUD":"4° 2' 24,807\" N","LONGITUD":"73° 26' 22,805\" W"},"geometry":{"type":"Polygon","coordinates":[[[-73.43907833914201,4.034956641943787],[-73.43969098574806,4.035054810440145],[-73.44113326163132,4.035666120877756],[-73.44181781326068,4.036261133449176],[-73.44209168150455,4.036888615210501],[-73.44211369799918,4.037573363976],[-73.44124229225856,4.039610880487123],[-73.44313276776711,4.0405267975201875],[-73.44360885194715,4.0411295918148005],[-73.44380141820726,4.041786840662124],[-73.44365885581337,4.042684675585368],[-73.44318831344859,4.043327170796398],[-73.44067971925222,4.044946590165855],[-73.43992145524496,4.0451838099776065],[-73.43882815373446,4.044918093502632],[-73.43823697263355,4.044317309040142],[-73.43742929687821,4.043943439156395],[-73.43699047935587,4.043418853337276],[-73.43677731816814,4.042768604514329],[-73.43640099758846,4.039119369163353],[-73.43633810879314,4.037823007806045],[-73.4366093412275,4.037073415069278],[-73.43796508195503,4.0353613787024],[-73.43845820075414,4.035075121684337],[-73.43907833914201,4.034956641943787]]]}},{"id":"119","type":"Feature","properties":{"NOMBRE_PRO":"Plan de Manejo Ambiental Específico para la ampliación del sistema de tratamiento de aguas de producción (STAP) en la estación de recolección Apiay (ERA)","CLIENTE":"ECOPETROL S.A","DEPARTAMEN":"META","MUNICIPIO":"VILLAVICENCIO","SECTOR":"HIDROCARBUROS","LATITUD":"4° 4' 39,619\" N","LONGITUD":"73° 23' 2,930\" W"},"geometry":{"type":"Polygon","coordinates":[[[-73.38359522955436,4.07547084683509],[-73.38549751028998,4.075935250943904],[-73.38605569960085,4.076364918109328],[-73.38636604991284,4.076865543020249],[-73.38649978959828,4.07767653981585],[-73.38625565270176,4.078755907731487],[-73.38586518655165,4.079343319781191],[-73.38528057929267,4.0797359713287875],[-73.38435554363066,4.0798587120112035],[-73.38300839044736,4.079494238503868],[-73.38231299503366,4.079060477849811],[-73.38192197113932,4.078473439645981],[-73.38179974164697,4.0775445603195815],[-73.3821524883519,4.076372686512755],[-73.38271181836133,4.0757724420025045],[-73.38359522955436,4.07547084683509]]]}},{"id":"120","type":"Feature","properties":{"NOMBRE_PRO":"ACTUALIZACIÓN DEL PLAN DE MANEJO AMBIENTAL ESPECÍFICO PARA EL CLÚSTER 66, CON SU VÍA DE ACCESO Y SU INFRAESTRUCTURA CONEXA","CLIENTE":"ECOPETROL S.A","DEPARTAMEN":"META","MUNICIPIO":"ACACÍAS","SECTOR":"HIDROCARBUROS","LATITUD":"3° 55' 25,701\" N","LONGITUD":"73° 44' 33,625\" W"},"geometry":{"type":"Polygon","coordinates":[[[-73.74007041485895,3.9290142156066565],[-73.73784744874605,3.9284405165597733],[-73.73636348228395,3.9287362209285304],[-73.73578632813134,3.928620420567353],[-73.73527742914663,3.9280756763069977],[-73.7353607664362,3.9272536712447925],[-73.7360467176062,3.9265784207584318],[-73.73704743940306,3.9265728600738203],[-73.7376223753543,3.9263843832151153],[-73.7399648992437,3.9270137749416607],[-73.74059870626837,3.926905088247862],[-73.74278411456119,3.921075038878315],[-73.74264619985559,3.9206690416649326],[-73.74272713318611,3.9202080379891613],[-73.74326077581073,3.91934257875623],[-73.74443812610099,3.918362214752178],[-73.74517182456208,3.9182398806564898],[-73.74791426151485,3.919193815355007],[-73.7481958729073,3.919743240982686],[-73.74807596205282,3.92039932545726],[-73.748357427229,3.9207413054133444],[-73.7484708444094,3.9212986216561947],[-73.7484263624628,3.921693999213674],[-73.74814258255286,3.9221120763846113],[-73.74744560110717,3.922536546253489],[-73.74700970372675,3.922620542451481],[-73.74459941904047,3.921878121317906],[-73.74263777552247,3.9271113302339944],[-73.74264351259819,3.9275977155618484],[-73.7422728159798,3.9284525992166395],[-73.74181610202301,3.9287448224918133],[-73.74007041485895,3.9290142156066565]]]}},{"id":"121","type":"Feature","properties":{"NOMBRE_PRO":"PLAN DE MANEJO AMBIENTAL ESPECÍFICO CLÚSTER NUEVA ESPERANZA Y SU INFRAESTRUCTURA CONEXA - CAMPO DE PRODUCCIÓN 50K (ACTUALIZACIÓN - VERSIÓN 2)","CLIENTE":"ECOPETROL S.A","DEPARTAMEN":"META","MUNICIPIO":"CASTILLA LA NUEVA / ACACÍAS","SECTOR":"HIDROCARBUROS","LATITUD":"3° 53' 0,474\" N","LONGITUD":"73° 44' 50,017\" W"},"geometry":{"type":"Polygon","coordinates":[[[-73.74638709425106,3.881415730507105],[-73.7485254884812,3.8819316592774906],[-73.74905925642865,3.8823992128680826],[-73.74914527410067,3.882872911995884],[-73.74894309478749,3.884876230957776],[-73.74848408222681,3.8855119663560553],[-73.74793626116917,3.885612320696092],[-73.74637018523856,3.885228868938193],[-73.74551944140627,3.884405325420202],[-73.74530900609655,3.8820559538781456],[-73.74575009881187,3.881499402909839],[-73.74638709425106,3.881415730507105]]]}},{"id":"122","type":"Feature","properties":{"NOMBRE_PRO":"PLAN DE MANEJO AMBIENTAL ESPECÍFICO PARA EL CLÚSTER 25 Y SU VÍA DE ACCESO – CAMPO DE PRODUCCIÓN 50K (ACTUALIZACIÓN - VERSIÓN 2)","CLIENTE":"ECOPETROL S.A","DEPARTAMEN":"META","MUNICIPIO":"CASTILLA LA NUEVA / ACACÍAS","SECTOR":"HIDROCARBUROS","LATITUD":"3° 53' 24,767\" N","LONGITUD":"73° 45' 21,251\" W"},"geometry":{"type":"Polygon","coordinates":[[[-73.75577018108955,3.8876633718429705],[-73.75659988933539,3.8878198926093392],[-73.75703305598937,3.8882844643595558],[-73.75750429021667,3.8885202038898545],[-73.75808002296678,3.889842419894548],[-73.7580088898997,3.8903085267698745],[-73.7568345217149,3.89244831489276],[-73.75617853569159,3.8928436679805323],[-73.75480076953454,3.8923217617359915],[-73.7544166108976,3.891689449395384],[-73.75386231672245,3.8912056817525373],[-73.75369292550644,3.8907615263638573],[-73.75439195269468,3.888692351101753],[-73.75528089361329,3.887848122125608],[-73.75577018108955,3.8876633718429705]]]}},{"id":"123","type":"Feature","properties":{"NOMBRE_PRO":"PLAN DE MANEJO AMBIENTAL ESPECÍFICO PARA EL CLÚSTER 8B CON SU VÍA DE ACCESO-CAMPO DE PRODUCCIÓN 50K","CLIENTE":"ECOPETROL S.A","DEPARTAMEN":"META","MUNICIPIO":"ACACÍAS","SECTOR":"HIDROCARBUROS","LATITUD":"3° 57' 27,762\" N","LONGITUD":"73° 41' 57,458\" W"},"geometry":{"type":"Polygon","coordinates":[[[-73.69763564913416,3.958643933371161],[-73.69741933917972,3.958165542656502],[-73.69753187830403,3.9575948323888297],[-73.6988530568887,3.9563641981890694],[-73.69938992547138,3.9563034348310393],[-73.70051046058171,3.9566456170829363],[-73.70103618696017,3.9571104433358975],[-73.7011239518049,3.9575610080266137],[-73.70096127436264,3.958240087287206],[-73.70045328798189,3.9587857168933662],[-73.69999088570931,3.9588472536357324],[-73.6991957888781,3.9586271516526157],[-73.69880872370429,3.958952517467379],[-73.69835131753894,3.9590442946643747],[-73.69763564913416,3.958643933371161]]]}},{"id":"124","type":"Feature","properties":{"NOMBRE_PRO":"Plan de Manejo Ambiental Específico para la construcción y operación del Clúster 8B y su Vía de acceso - Campo de Producción 50K.","CLIENTE":"ECOPETROL S.A","DEPARTAMEN":"META","MUNICIPIO":"ACACÍAS","SECTOR":"HIDROCARBUROS","LATITUD":"3° 57' 30,219\" N","LONGITUD":"73° 41' 57,790\" W"},"geometry":{"type":"Polygon","coordinates":[[[-73.69737697598303,3.957705028668203],[-73.69850410790707,3.9566319382129356],[-73.69895996932723,3.956482755614013],[-73.69988094083419,3.9566996306947564],[-73.70031338060582,3.9570909904803626],[-73.70098025929106,3.9572924891781036],[-73.70138188586304,3.9579663009947295],[-73.7012886715713,3.959316952843944],[-73.70113136828506,3.95968743082783],[-73.70050215862737,3.9602091884042503],[-73.69995427981556,3.9603095214785253],[-73.69757862236655,3.959255951649182],[-73.69726286725162,3.9588936009641613],[-73.69717330145701,3.9585010193575023],[-73.69737697598303,3.957705028668203]]]}},{"id":"125","type":"Feature","properties":{"NOMBRE_PRO":"PLAN DE MANEJO AMBIENTAL ESPECIFICO PARA LA ETAPA 1 DE LA FACILIDAD CENTRAL DE PRODUCCIÓN DEL CAMPO DE PRODUCCIÓN 50K","CLIENTE":"ECOPETROL S.A","DEPARTAMEN":"META","MUNICIPIO":"ACACÍAS","SECTOR":"HIDROCARBUROS","LATITUD":"3° 55' 45,083\" N","LONGITUD":"73° 44' 15,783\" W"},"geometry":{"type":"Polygon","coordinates":[[[-73.74000563812159,3.9327048423269986],[-73.73780401934002,3.932566753986307],[-73.7345747269059,3.9314048104299673],[-73.73398334270081,3.9317036093269153],[-73.73329186301376,3.9315190440410612],[-73.73290757755257,3.9308552431598978],[-73.73317140065517,3.9300264929923805],[-73.73310669026044,3.9296649906932166],[-73.73254118641368,3.9288565805797377],[-73.73268647068384,3.9281743267203617],[-73.73423906396539,3.926912385872349],[-73.73471612062859,3.926874796604111],[-73.735213616925,3.9270722467367234],[-73.73552239867729,3.9267212052600042],[-73.73607086374267,3.9265226744635378],[-73.73692483273746,3.9266601003818233],[-73.73728068195878,3.9257664654910585],[-73.73791854717311,3.9254572550753295],[-73.73981370526307,3.926054217742949],[-73.74013896411662,3.9265998770873725],[-73.74006406604218,3.9271899460120525],[-73.74065481831364,3.927369878112944],[-73.7409781787016,3.927071686469339],[-73.74144549503453,3.926964124631447],[-73.74256784273817,3.927315898969032],[-73.74312896222428,3.9282299384361985],[-73.74276047566211,3.9295560752665493],[-73.74210829405538,3.9299892808436945],[-73.74123266314551,3.9297976096404774],[-73.74042469180742,3.932336480138527],[-73.74000563812159,3.9327048423269986]]]}},{"id":"126","type":"Feature","properties":{"NOMBRE_PRO":"PMA CL1-V4","CLIENTE":"ECOPETROL S.A","DEPARTAMEN":"META","MUNICIPIO":"ACACÍAS","SECTOR":"HIDROCARBUROS","LATITUD":"3° 57' 12,713\" N","LONGITUD":"73° 42' 41,504\" W"},"geometry":{"type":"Polygon","coordinates":[[[-73.7000062181169,3.959135754345606],[-73.6991957888781,3.9586271516526157],[-73.69880194735725,3.9589558440181962],[-73.69834379738388,3.959043773950263],[-73.69790325104599,3.958889864908088],[-73.69757270144478,3.958561976083707],[-73.69989925893672,3.9566245056472042],[-73.70006550137066,3.95469014383867],[-73.7005905549812,3.9540878309868983],[-73.7018204345159,3.953882243689251],[-73.70732409362692,3.9550867643480268],[-73.70909984427459,3.956173323195102],[-73.71001504278931,3.9563209607833025],[-73.71061685375882,3.9561638640201062],[-73.71085258108691,3.954402670875858],[-73.71124320595827,3.95376442245614],[-73.71191778712858,3.953447353026198],[-73.71380905002322,3.953341604723642],[-73.71405727278389,3.9529389249808102],[-73.71544553083794,3.9517749480758377],[-73.71654295671067,3.9503440689138047],[-73.7169845116487,3.9501931079082673],[-73.71744206710045,3.950284102272216],[-73.71790001582977,3.950647730236174],[-73.71808561570572,3.951166156904812],[-73.71819075188067,3.9506805897098314],[-73.71777566089774,3.950384818126781],[-73.71759000171865,3.9499462771034692],[-73.71763226858693,3.94860807155382],[-73.71630000591513,3.948402339425078],[-73.71461165744955,3.9486035354767686],[-73.71223346100189,3.948438628787219],[-73.71168525577227,3.9481666839382576],[-73.71144541819984,3.9476835436868885],[-73.71148609405788,3.946975434200005],[-73.7131667047255,3.9455758380360986],[-73.7133619450029,3.9460055887005465],[-73.71332758587559,3.9466611184118894],[-73.71462633437896,3.94677831306563],[-73.71643570016542,3.946595168719365],[-73.71906108417309,3.9470819681750395],[-73.71945890130141,3.94772055866076],[-73.7194091359672,3.949214568339888],[-73.72083828223796,3.949968151441917],[-73.72179141307751,3.95126571757092],[-73.72177763579087,3.9518868588745995],[-73.72104812051185,3.953675440719214],[-73.72074087845309,3.954027909156222],[-73.71890071202083,3.9546693870220455],[-73.71826875547704,3.9542754781472205],[-73.71813441632159,3.953587491479227],[-73.71675686378927,3.9536053851248645],[-73.71609333157369,3.954196236507978],[-73.71592344535006,3.9551416573212577],[-73.71552033503647,3.9555849600992676],[-73.71306760269492,3.9556630704146394],[-73.7128554369617,3.9573509871015187],[-73.71228502164763,3.957947772012229],[-73.70978821418947,3.9585032219759326],[-73.70836061514994,3.958246281252998],[-73.70680291665876,3.957161422600119],[-73.70514669699457,3.9567655520681457],[-73.7039916457137,3.956662873277651],[-73.70129822190799,3.9589610853587067],[-73.70080837064347,3.9591306240660913],[-73.7000062181169,3.959135754345606]]]}},{"id":"127","type":"Feature","properties":{"NOMBRE_PRO":"PMAe CONSTRUCCIÓN Y OPERACIÓN DEL CENTRO DE DISTRIBUCIÓN PRINCIPAL, VÍA DE ACCESO Y LÍNEAS ELÉCTRICAS 115kV Y 34,5kV; Y UN TRAMO DE LAS LÍNEAS ELÉCTRICAS DE 34,5 kV DEL CDP AL CMS (ACTUALIZACI","CLIENTE":"ECOPETROL S.A","DEPARTAMEN":"META","MUNICIPIO":"CASTILLA LA NUEVA / ACACÍAS","SECTOR":"HIDROCARBUROS","LATITUD":"3° 53' 6,191\" N","LONGITUD":"73° 44' 47,215\" W"},"geometry":{"type":"Polygon","coordinates":[[[-73.74518641041931,3.886535060040818],[-73.74464627411324,3.8858609736791876],[-73.7445270415465,3.8853494030360562],[-73.74465755879773,3.8846512530027457],[-73.74530767124251,3.8834761465644068],[-73.74579708144819,3.883290640647323],[-73.74716504618142,3.8833815869367636],[-73.74824488518672,3.884274823432799],[-73.74842523801061,3.8849510251894346],[-73.74821140679066,3.8859620348253854],[-73.7479032384269,3.8863949606884387],[-73.74740720590935,3.88658173928203],[-73.74663232133524,3.8864552725142065],[-73.7459397705354,3.88686045576942],[-73.74518641041931,3.886535060040818]]]}},{"id":"128","type":"Feature","properties":{"NOMBRE_PRO":"PMAE PARA LA CONSTRUCCIÓN Y OPERACIÓN DE LÍNEAS DE FLUJO DEL CLNE A CL66, LÍNEAS ELÉCTRICAS DE 34,5KV DEL CDP AL CMS Y SUS DERIVACIONES, LÍNEA ELÉCTRICA DE 34,5KV CL7 AL CL8B, CAMPO DE PRODUCCI","CLIENTE":"ECOPETROL S.A","DEPARTAMEN":"META","MUNICIPIO":"CASTILLA LA NUEVA / ACACÍAS","SECTOR":"HIDROCARBUROS","LATITUD":"3° 54' 26,309\" N","LONGITUD":"73° 44' 55,984\" W"},"geometry":{"type":"MultiPolygon","coordinates":[[[[-73.75319750923664,3.8946611145147894],[-73.75365332362396,3.8945119096232137],[-73.75413634960331,3.8946222835877133],[-73.75401150320987,3.892673467637129],[-73.75385062267549,3.8923028072692305],[-73.75221572870579,3.8913847521808647],[-73.74886427272823,3.8905347283135594],[-73.74659632714003,3.888202892381322],[-73.74572651939216,3.885451797170271],[-73.74604707253117,3.884244309694596],[-73.74684657292794,3.8835715512346787],[-73.74723301694904,3.8834640625062993],[-73.74812101383417,3.8835585989578],[-73.74885344180922,3.8840339903166625],[-73.74910461951337,3.8847271112724684],[-73.74881063528007,3.8865279990624484],[-73.74901238619657,3.887363970439821],[-73.75047014782457,3.888404757818406],[-73.75216552974177,3.889176286137891],[-73.75392620234739,3.889630545429786],[-73.75436421654038,3.8889136928452466],[-73.7551263311179,3.8887382618287645],[-73.7558393424209,3.8891306505586414],[-73.7560621550561,3.8897213790646537],[-73.75660090378364,3.889832220358735],[-73.75694771446379,3.8901646643616488],[-73.75718441262994,3.8917206305774],[-73.75699712883967,3.8937591060994556],[-73.75716622613966,3.894307918880788],[-73.75706700295193,3.8959958246152313],[-73.75680674228778,3.8965766525623278],[-73.75609776172179,3.8970050937534246],[-73.7545108606302,3.897259400532021],[-73.75404337208536,3.8971526743177747],[-73.75285126438533,3.89573467619364],[-73.75282578475779,3.8951759573029525],[-73.75319750923664,3.8946611145147894]]],[[[-73.74285064414562,3.933741507936435],[-73.74151835207118,3.933564427442241],[-73.74067034890184,3.933145177621992],[-73.740446213592,3.932548685472981],[-73.74066775234739,3.931754031274219],[-73.74115497328901,3.931263826731268],[-73.74188463477284,3.931275377324194],[-73.74406814897063,3.9287114286901974],[-73.74651063948926,3.9230076594996026],[-73.74639603907083,3.9228196428213926],[-73.74323270642648,3.921354924153154],[-73.74290048109044,3.9209490796817783],[-73.74284874529246,3.92042625557412],[-73.74308821905886,3.919685517765927],[-73.74350951243787,3.919129751808541],[-73.74432733669833,3.9186032103361246],[-73.74479585185485,3.9180647583118087],[-73.7454926280059,3.9179371189674224],[-73.74787715252309,3.918748245208455],[-73.74825247599509,3.9190482189412195],[-73.74907816337819,3.92312456145315],[-73.74595125147398,3.9297991462076416],[-73.74332829944224,3.933454250180142],[-73.74285064414562,3.933741507936435]]]]}},{"id":"129","type":"Feature","properties":{"NOMBRE_PRO":"ACTUALIZACIÓN DEL PLAN DE MANEJO AMBIENTAL ESPECÍFICO PARA EL CLÚSTER 66, CON SU VÍA DE ACCESO Y SU INFRAESTRUCTURA CONEXA","CLIENTE":"ECOPETROL S.A","DEPARTAMEN":"META","MUNICIPIO":"ACACÍAS","SECTOR":"HIDROCARBUROS","LATITUD":"3° 55' 25,701\" N","LONGITUD":"73° 44' 33,625\" W"},"geometry":{"type":"Polygon","coordinates":[[[-73.74007041485895,3.9290142156066565],[-73.73784744874605,3.9284405165597733],[-73.73636348228395,3.9287362209285304],[-73.73578632813134,3.928620420567353],[-73.73527742914663,3.9280756763069977],[-73.7353607664362,3.9272536712447925],[-73.7360467176062,3.9265784207584318],[-73.73704743940306,3.9265728600738203],[-73.7376223753543,3.9263843832151153],[-73.7399648992437,3.9270137749416607],[-73.74059870626837,3.926905088247862],[-73.74278411456119,3.921075038878315],[-73.74264619985559,3.9206690416649326],[-73.74272713318611,3.9202080379891613],[-73.74326077581073,3.91934257875623],[-73.74443812610099,3.918362214752178],[-73.74517182456208,3.9182398806564898],[-73.74791426151485,3.919193815355007],[-73.7481958729073,3.919743240982686],[-73.74807596205282,3.92039932545726],[-73.748357427229,3.9207413054133444],[-73.7484708444094,3.9212986216561947],[-73.7484263624628,3.921693999213674],[-73.74814258255286,3.9221120763846113],[-73.74744560110717,3.922536546253489],[-73.74700970372675,3.922620542451481],[-73.74459941904047,3.921878121317906],[-73.74263777552247,3.9271113302339944],[-73.74264351259819,3.9275977155618484],[-73.7422728159798,3.9284525992166395],[-73.74181610202301,3.9287448224918133],[-73.74007041485895,3.9290142156066565]]]}},{"id":"130","type":"Feature","properties":{"NOMBRE_PRO":"PLAN DE MANEJO AMBIENTAL ESPECÍFICO-PMAE PARA LA CONSTRUCCIÓN DE LA LÍNEA DE INYECCIÓN DE AGUA ENTRE CLÚSTER 68-CLÚSTER 32, EN CAMPO CASTILLA","CLIENTE":"ECOPETROL S.A","DEPARTAMEN":"META","MUNICIPIO":"CASTILLA LA NUEVA / ACACÍAS","SECTOR":"HIDROCARBUROS","LATITUD":"3° 50' 36,618\" N","LONGITUD":"73° 40' 24,346\" W"},"geometry":{"type":"Polygon","coordinates":[[[-73.67532712832121,3.835641516847875],[-73.67578461914283,3.8357325456921223],[-73.6762776921278,3.8361332319927515],[-73.67644685899936,3.8365074657792064],[-73.67641672410787,3.836974943806376],[-73.67581083613035,3.8377731133195785],[-73.67436244676419,3.840995335892876],[-73.67312955159757,3.842428261160881],[-73.67303541806025,3.842723758174482],[-73.67394101827217,3.843338344056481],[-73.6754410893295,3.8454215117780364],[-73.67554498176618,3.8460504788714522],[-73.67319364535729,3.8505692597592858],[-73.67262645918457,3.8512487943860467],[-73.67190003968744,3.851407991735155],[-73.67124010572118,3.8509246684508405],[-73.67112577518411,3.850064451612328],[-73.67333491533356,3.8458584473209725],[-73.67253399065335,3.844784465967169],[-73.67071167023506,3.843590094436882],[-73.67050479028124,3.842817001145322],[-73.67265132624786,3.839901899686719],[-73.67435807971331,3.8363970395739218],[-73.67483772054725,3.835826980703986],[-73.67532712832121,3.835641516847875]]]}},{"id":"131","type":"Feature","properties":{"NOMBRE_PRO":"PLAN DE MANEJO AMBIENTAL ESPECÍFICO (PMAE) INTERCONEXIÓN DE TANQUES GAS ESTACIÓN CASTILLA 2 - CAMPO CASTILLA","CLIENTE":"ECOPETROL S.A","DEPARTAMEN":"META","MUNICIPIO":"CASTILLA LA NUEVA / ACACÍAS","SECTOR":"HIDROCARBUROS","LATITUD":"3° 50' 56,057\" N","LONGITUD":"73° 39' 6,708\" W"},"geometry":{"type":"Polygon","coordinates":[[[-73.64939699113,3.847918500309132],[-73.64980773666333,3.8474407429270867],[-73.65097031179955,3.8469895215989784],[-73.65151894364794,3.8471761157765245],[-73.65195471152714,3.847856387582576],[-73.65216585356046,3.8479137809049533],[-73.65225017763976,3.8477076915832287],[-73.65166652477548,3.84688353714742],[-73.6516490107276,3.8463584209281074],[-73.65184162451823,3.8459957984360127],[-73.65237052214556,3.845564775209554],[-73.65291886863633,3.8453773400662907],[-73.65361540279908,3.845708204246281],[-73.65495656518668,3.847889801662818],[-73.65444123748182,3.8487130614979814],[-73.65405847442479,3.848920749531937],[-73.65309485984878,3.850265911733793],[-73.65228706455129,3.850792346040346],[-73.65194897120058,3.8522099086551504],[-73.65143092969831,3.8526330500916974],[-73.65098071464845,3.8527539780755258],[-73.65034423032498,3.8524887939110277],[-73.64989638990437,3.851703303977513],[-73.65012223492516,3.851097936809422],[-73.64980289082494,3.8508737755792675],[-73.64946397090593,3.85019832264691],[-73.64949411981117,3.849730843745926],[-73.64974765493415,3.849346112568617],[-73.6493545688886,3.8484969129831472],[-73.64939699113,3.847918500309132]]]}},{"id":"132","type":"Feature","properties":{"NOMBRE_PRO":"PLAN DE MANEJO AMBIENTAL ESPECÍFICO (PMAE) PARA LA CONSTRUCCIÓN DE INFRAESTRUCTURA PARA EL TRATAMIENTO DE FLUIDOS EN LA ESTACIÓN CHICHIMENE","CLIENTE":"ECOPETROL S.A","DEPARTAMEN":"META","MUNICIPIO":"ACACÍAS","SECTOR":"HIDROCARBUROS","LATITUD":"3° 55' 58,202\" N","LONGITUD":"73° 41' 21,830\" W"},"geometry":{"type":"Polygon","coordinates":[[[-73.68774142106098,3.9311686007562123],[-73.68789762936477,3.9313569865803455],[-73.69050184876671,3.9302830577766157],[-73.69089899072503,3.9298457660965593],[-73.69156046439717,3.929708733342308],[-73.692875166742,3.930939145338927],[-73.69172580007411,3.9324021272977516],[-73.69162860319169,3.932890542363372],[-73.69160233262993,3.9331185980318364],[-73.692490899458,3.9339243950619034],[-73.69250781338874,3.9341188676483756],[-73.6918451542424,3.9347468626192548],[-73.6893504142002,3.935309882719135],[-73.68842121344636,3.9350820804679816],[-73.68794502897516,3.9355431809450314],[-73.6847354068355,3.9326374443754517],[-73.68516088687747,3.932222545385757],[-73.68594579238643,3.9328979233473507],[-73.68774142106098,3.9311686007562123]]]}},{"id":"133","type":"Feature","properties":{"NOMBRE_PRO":"PLAN DE MANEJO AMBIENTAL ESPECÍFICO CLÚSTER NUEVA ESPERANZA Y SU INFRAESTRUCTURA CONEXA - CAMPO DE PRODUCCIÓN 50K (ACTUALIZACIÓN - VERSIÓN 2)","CLIENTE":"ECOPETROL S.A","DEPARTAMEN":"META","MUNICIPIO":"CASTILLA LA NUEVA / ACACÍAS","SECTOR":"HIDROCARBUROS","LATITUD":"3° 53' 0,474\" N","LONGITUD":"73° 44' 50,017\" W"},"geometry":{"type":"Polygon","coordinates":[[[-73.74638709425106,3.881415730507105],[-73.7485254884812,3.8819316592774906],[-73.74905925642865,3.8823992128680826],[-73.74914527410067,3.882872911995884],[-73.74894309478749,3.884876230957776],[-73.74848408222681,3.8855119663560553],[-73.74793626116917,3.885612320696092],[-73.74637018523856,3.885228868938193],[-73.74551944140627,3.884405325420202],[-73.74530900609655,3.8820559538781456],[-73.74575009881187,3.881499402909839],[-73.74638709425106,3.881415730507105]]]}},{"id":"134","type":"Feature","properties":{"NOMBRE_PRO":"Plan de Manejo Ambiental Especifico para la construcción de la linea de gas anular entre el CH-17 al CH-2, para el desarrollo del Proyecto CIS-M1-Etapa 2, en el Campo Chichimene","CLIENTE":"ECOPETROL S.A","DEPARTAMEN":"META","MUNICIPIO":"ACACÍAS","SECTOR":"HIDROCARBUROS","LATITUD":"3° 56' 30,076\" N","LONGITUD":"73° 40' 48,969\" W"},"geometry":{"type":"Polygon","coordinates":[[[-73.68074631836416,3.9439628179227224],[-73.68020863607991,3.9437987267311447],[-73.67985234171255,3.9433622786623546],[-73.67994023780012,3.94202847839757],[-73.67870988031028,3.9419204502930945],[-73.67815491304634,3.9414766581448393],[-73.67806203516646,3.9407100172044514],[-73.67853399487144,3.940082702815736],[-73.67931153964825,3.9399471518571163],[-73.68056318428553,3.940165958185567],[-73.68119116845433,3.940350284273789],[-73.68186669378888,3.9409572477989534],[-73.68205891330939,3.941806877965095],[-73.68170094689971,3.943273727898564],[-73.68131198439329,3.9437798291136423],[-73.68074631836416,3.9439628179227224]]]}},{"id":"135","type":"Feature","properties":{"NOMBRE_PRO":"PLAN DE MANEJO AMBIENTAL ESPECIFICO PARA LA CONSTRUCCIÓN DE LA LÍNEA DE INYECCIÓN DE AGUA DEL CLÚSTER 30. CAMPO CASTILLA","CLIENTE":"ECOPETROL S.A","DEPARTAMEN":"META","MUNICIPIO":"CASTILLA LA NUEVA / ACACÍAS","SECTOR":"HIDROCARBUROS","LATITUD":"3° 49' 29,513\" N","LONGITUD":"73° 40' 20,467\" W"},"geometry":{"type":"Polygon","coordinates":[[[-73.67220802217328,3.822822643431161],[-73.67266475496729,3.82293291831333],[-73.6730195159254,3.823242191685703],[-73.67319500135513,3.823700567297428],[-73.67318292744434,3.8246770535758325],[-73.67370702578259,3.8249091618325846],[-73.67402383955903,3.8254002450180984],[-73.67394627010326,3.82615058218386],[-73.67335136793038,3.8266351387620556],[-73.67202356993117,3.826457736938587],[-73.67112392678463,3.8257098109531684],[-73.67087284122204,3.8252905835572033],[-73.67078812290436,3.824422929156653],[-73.67092475357248,3.8239300910916496],[-73.67156022545389,3.823068052643333],[-73.67220802217328,3.822822643431161]]]}},{"id":"136","type":"Feature","properties":{"NOMBRE_PRO":"PLAN DE MANEJO AMBIENTAL ESPECÍFICO PARA LA CONSTRUCCIÓN DEL CLÙSTER 60 Y 61, SUS VÌAS DE ACCESO Y FACILIDADES ASOCIADAS (LÌNEAS MECÀNICAS Y ELÈCTRICAS), CAMPO CHICHIMENE BLOQUE CUBARRAL","CLIENTE":"ECOPETROL S.A","DEPARTAMEN":"META","MUNICIPIO":"CASTILLA LA NUEVA / ACACÍAS","SECTOR":"HIDROCARBUROS","LATITUD":"3° 54' 14,368\" N","LONGITUD":"73° 43' 37,896\" W"},"geometry":{"type":"MultiPolygon","coordinates":[[[[-73.73780490068872,3.8996755618478014],[-73.73762020529506,3.8991839981894074],[-73.73773707910858,3.8977497340247806],[-73.73812678213798,3.89687088536966],[-73.73797421200017,3.894933103407413],[-73.73829472929982,3.893892176552933],[-73.73911145473784,3.892334764538424],[-73.73965832814913,3.89191364212517],[-73.74031210294973,3.8919879199065224],[-73.74269711412197,3.893260820226328],[-73.74304263110432,3.8937043737881933],[-73.74415569483507,3.893954221933844],[-73.74621451687479,3.8936963325241596],[-73.74691442681065,3.893830950218568],[-73.74879773124334,3.8954155324474864],[-73.74973486636254,3.8958412296440015],[-73.75005625911166,3.8963247409997552],[-73.7500181778999,3.8969048455224935],[-73.74959784649066,3.897532041160325],[-73.74926537624405,3.897771132651018],[-73.7488032740675,3.8978320516620735],[-73.74837275566118,3.897652745820423],[-73.74805521749516,3.897182011515574],[-73.74615929686364,3.8956985517575524],[-73.74395916885553,3.895817395296976],[-73.74208259573516,3.895408403235512],[-73.74103491233492,3.8957264881895264],[-73.74060753949576,3.897146618312042],[-73.7405742970159,3.897463361020065],[-73.7408359639431,3.897886433525402],[-73.74088715899607,3.898348084509274],[-73.74071534649327,3.8992361647058607],[-73.74049024523255,3.899613039420067],[-73.73991236910386,3.8998757375067146],[-73.73923753254559,3.899670147054438],[-73.73852004568421,3.900028994832491],[-73.73780490068872,3.8996755618478014]]],[[[-73.71410642995089,3.914671514128027],[-73.7101908040498,3.913714559125269],[-73.7077850187775,3.9121893064298985],[-73.70697977761499,3.9121936650353923],[-73.70491508845075,3.9107575318032084],[-73.7046995635992,3.9102792204374763],[-73.70478494385104,3.9097612572018163],[-73.70579700637803,3.9082809605167173],[-73.7065513041728,3.9080241659430768],[-73.70876788605199,3.9094247004042626],[-73.70907217868091,3.9098515903463302],[-73.7090963563534,3.9103449320833525],[-73.71102941115333,3.9115956064686794],[-73.71450735427543,3.9124411992153827],[-73.71566732758362,3.912580073111678],[-73.71864225147003,3.9119233454211018],[-73.71898386375956,3.9114077795959674],[-73.71959116036477,3.911222183303651],[-73.72042286974902,3.9115484873185524],[-73.72112795316373,3.912419581424682],[-73.72114551832087,3.9129446890271433],[-73.72089881545605,3.9133656837798427],[-73.72055149604499,3.9135830183884646],[-73.72011307799755,3.913618506956059],[-73.71935484902203,3.9142180244784885],[-73.7158030959733,3.914857630056949],[-73.71410642995089,3.914671514128027]]]]}},{"id":"137","type":"Feature","properties":{"NOMBRE_PRO":"PLAN DE MANEJO AMBIENTAL ESPECÍFICO PARA LA CONSTRUCCIÓN Y OPERACIÓN DE LA VÍA DE ACCESO E INTERCONEXIÓN ELÉCTRICA AL CLUSTER 66 DEL CAMPO 50K - BLOQUE CUBARRAL","CLIENTE":"ECOPETROL S.A","DEPARTAMEN":"META","MUNICIPIO":"CASTILLA LA NUEVA / ACACÍAS","SECTOR":"HIDROCARBUROS","LATITUD":"3° 54' 51,384\" N","LONGITUD":"73° 44' 38,260\" W"},"geometry":{"type":"Polygon","coordinates":[[[-73.743299487952,3.9197105089535023],[-73.7412407820961,3.9196561421846714],[-73.74057167291491,3.9194538093382647],[-73.73563279068064,3.9158965906043233],[-73.7350100681195,3.9156734933828576],[-73.73473343449702,3.9152275654517132],[-73.73477081423624,3.9146469868948626],[-73.73531625760414,3.9138210246099465],[-73.73610639358994,3.913715839952175],[-73.73902028167112,3.9160740088110084],[-73.74038554964983,3.9168620073654457],[-73.7414493942455,3.9177309089462775],[-73.74377475234304,3.9178578918593896],[-73.74601968475606,3.914047194186922],[-73.74655892906087,3.9099367819125126],[-73.74708202103277,3.90890945663331],[-73.74717291120614,3.9073575813787937],[-73.74789392091728,3.9051231477472825],[-73.748379658434,3.9046392087335775],[-73.7490633493242,3.9046372922463606],[-73.74983834003794,3.905367318135779],[-73.74997809158285,3.9059702337009155],[-73.74980416799647,3.906404893133853],[-73.74939934517609,3.9067572718038575],[-73.7490790996658,3.907749584894533],[-73.74898625339938,3.9093969380777227],[-73.7484381211791,3.9104444526725204],[-73.74786160231683,3.914724858329605],[-73.7456251722153,3.9185277606138125],[-73.74584044023202,3.919113421617571],[-73.74561736246264,3.919710312645811],[-73.74477736421967,3.920406596684279],[-73.74432087237457,3.9205243177857008],[-73.74380148387515,3.9203503042119556],[-73.743299487952,3.9197105089535023]]]}},{"id":"138","type":"Feature","properties":{"NOMBRE_PRO":"PMA LINEA ELÉCTRICA 34,5kV INTERCONEXIÓN ASA","CLIENTE":"ECOPETROL S.A","DEPARTAMEN":"META","MUNICIPIO":"ACACÍAS","SECTOR":"HIDROCARBUROS","LATITUD":"3° 53' 6,175\" N","LONGITUD":"73° 35' 58,342\" W"},"geometry":{"type":"Polygon","coordinates":[[[-73.59099041725104,3.8879173781276974],[-73.59128999964179,3.8875587821286524],[-73.59180643332827,3.88739523656666],[-73.5930833668343,3.887914407120562],[-73.59780688342163,3.884876532763913],[-73.6020729493933,3.882492515206749],[-73.60588166745396,3.8807476666589262],[-73.60754341962817,3.8801287323790508],[-73.60805984801709,3.8802922775031576],[-73.6083594285376,3.880650874419393],[-73.60841310778514,3.8812671171253843],[-73.60799360337602,3.881816230721157],[-73.60291682853557,3.884090686467371],[-73.59870684492465,3.886443363958871],[-73.59361365140714,3.889711666894354],[-73.59307678740626,3.889782656963214],[-73.59134717222943,3.8893518183137035],[-73.59099482450318,3.888848491842998],[-73.59099041725104,3.8879173781276974]]]}},{"id":"139","type":"Feature","properties":{"NOMBRE_PRO":"PMAe CONSTRUCCIÓN Y OPERACIÓN DE LÍNEA ELÉCTRICA 115 kV CENTRO DE DISTRIBUCIÓN SAN FERNANDO Y LÍNEA 34,5 kV CL 16, DEL CAMPO CHICHIMENE, EL CENTRO DE DISTRIBUCIÓN PRINCIPAL Y CL NUEVA ESPERARZA","CLIENTE":"ECOPETROL S.A","DEPARTAMEN":"META","MUNICIPIO":"CASTILLA LA NUEVA / ACACÍAS","SECTOR":"HIDROCARBUROS","LATITUD":"3° 53' 38,225\" N","LONGITUD":"73° 43' 11,107\" W"},"geometry":{"type":"Polygon","coordinates":[[[-73.73242962689967,3.9003418498105007],[-73.7286590262154,3.8978369758624387],[-73.72545361705362,3.8964700659868114],[-73.71239408053478,3.893617429890986],[-73.70076914690858,3.892198896013905],[-73.69235905466047,3.894329823037644],[-73.68868632089892,3.8942534098066703],[-73.68481018814823,3.892230340609628],[-73.68449386607283,3.891788659702133],[-73.68446751597504,3.8913211200543554],[-73.68485838214883,3.8906269291893008],[-73.68552177626388,3.890438722492248],[-73.68630074616912,3.8907245206581744],[-73.68904945658448,3.8922734423750285],[-73.69207184359557,3.892351596154619],[-73.70070794234702,3.8901928472312526],[-73.71270496211825,3.891650146832347],[-73.7260636787937,3.8945712087748694],[-73.72960128378273,3.8960806336824807],[-73.73341765718524,3.8986111680912883],[-73.73633717647334,3.899622234836171],[-73.73880754228632,3.8992144328371308],[-73.73920464273225,3.8988372915973613],[-73.74162745901336,3.8935637872771744],[-73.74286736666518,3.8900578294025356],[-73.74406278680421,3.8883977425358824],[-73.74463321371115,3.8849784788291326],[-73.74523170999272,3.8845240937736962],[-73.74601367293658,3.884721995210618],[-73.74656956109841,3.8853970663069073],[-73.74668608361912,3.8858517128316725],[-73.74607390002556,3.889162272730753],[-73.74477695110878,3.8910110362250956],[-73.7436029516251,3.8945421182686735],[-73.74072484249668,3.9006956239049755],[-73.74018228480486,3.90100508469701],[-73.73620729350664,3.9016398229246825],[-73.73242962689967,3.9003418498105007]]]}},{"id":"140","type":"Feature","properties":{"NOMBRE_PRO":"PMAe PARA LA CONSTRUCCIÓN Y OPERACIÓN DEL CENTRO DE DISTRIBUCIÓN PRINCIPAL, SU VÍA DE ACCESO Y LÍNEA ELÉCTRICA 115kV CDF SAN FERNANDO AL CDP Y LÍNEA ELÉCTRICA 34,5kV DEL CL16 AL CLNE, EN EL CA","CLIENTE":"ECOPETROL S.A","DEPARTAMEN":"META","MUNICIPIO":"CASTILLA LA NUEVA / ACACÍAS","SECTOR":"HIDROCARBUROS","LATITUD":"3° 53' 6,101\" N","LONGITUD":"73° 44' 47,240\" W"},"geometry":{"type":"Polygon","coordinates":[[[-73.74510822029008,3.886439559979422],[-73.74461843395405,3.8858087711753257],[-73.7445270415465,3.8853494030360562],[-73.74466734830047,3.884628420267059],[-73.74534604435858,3.8834530176244764],[-73.74582466932515,3.8832902780302514],[-73.74719345619317,3.8833902170842944],[-73.74827927090455,3.8843229282377987],[-73.74841568510445,3.885009461772982],[-73.74819068698898,3.886017477375616],[-73.74785534312605,3.8864294984361614],[-73.7473482785546,3.886583727358311],[-73.74647508091519,3.8864236221348025],[-73.7457859112775,3.8867472430159706],[-73.74510822029008,3.886439559979422]]]}},{"id":"141","type":"Feature","properties":{"NOMBRE_PRO":"Actualización del Plan de Manejo Ambiental Especifico (PMAE) para el cambio de equipos en la planta de desasfaltado en la Estación Chichimene","CLIENTE":"ECOPETROL S.A","DEPARTAMEN":"META","MUNICIPIO":"ACACÍAS","SECTOR":"HIDROCARBUROS","LATITUD":"3° 55' 57,892\" N","LONGITUD":"73° 41' 7,317\" W"},"geometry":{"type":"Polygon","coordinates":[[[-73.68507160317363,3.931267634299942],[-73.6855811715722,3.931386522092048],[-73.68641477389068,3.9320021668999465],[-73.68689793188308,3.932677415679444],[-73.68672963676025,3.933405028776192],[-73.68570959743711,3.9342166306891495],[-73.68498512488797,3.9340476043518304],[-73.68405831461844,3.933202549525013],[-73.6838513899584,3.932782242559582],[-73.68401968824158,3.9320546293685927],[-73.68458214782602,3.931453111507675],[-73.68507160317363,3.931267634299942]]]}},{"id":"142","type":"Feature","properties":{"NOMBRE_PRO":"PLAN DE MANEJO AMBIENTAL ESPECÍFICO PARA LA CONSTRUCCIÓN DE LA LÍNEA DE INYECCIÓN DE AGUA ENTRE LA ESTACIÓN CASTILLA 3 – CLÚSTER 68 – CLÚSTER 21, EN CAMPO CASTILLA","CLIENTE":"ECOPETROL S.A","DEPARTAMEN":"META","MUNICIPIO":"CASTILLA LA NUEVA / ACACÍAS","SECTOR":"HIDROCARBUROS","LATITUD":"3° 51' 25,065\" N","LONGITUD":"73° 40' 17,007\" W"},"geometry":{"type":"Polygon","coordinates":[[[-73.66919009671234,3.864104786691335],[-73.66855238599157,3.8630993344819275],[-73.66583035464366,3.8598210726193476],[-73.66564684997043,3.8591005001232674],[-73.66612315785487,3.858273456870585],[-73.66990852799209,3.8561493281442316],[-73.67035348591655,3.852347068558013],[-73.66996066803905,3.851651444612312],[-73.67016586252616,3.850824413521215],[-73.67120376900306,3.8496848667470585],[-73.67210093770431,3.8495209494722538],[-73.67256984580635,3.8497281768676657],[-73.67344224002801,3.8506024069280587],[-73.67668970996066,3.8521201319454463],[-73.67735749560568,3.8522716107946566],[-73.67810209334357,3.8519159205264875],[-73.6786942901667,3.8521244905372973],[-73.67904994648799,3.8527789378589397],[-73.67886130020773,3.853656422810551],[-73.67848499346606,3.854137498041412],[-73.67788788828327,3.8543328438909534],[-73.67602191640101,3.853923949148847],[-73.67229830115436,3.8521596193977223],[-73.67161064268794,3.8572693213326055],[-73.66951016129443,3.858670666814604],[-73.66797940070617,3.8594168097419463],[-73.6702106205288,3.8621010589334883],[-73.67050811088059,3.8626963163676127],[-73.6709080506837,3.862943147896872],[-73.67173516739048,3.8639281644067762],[-73.67236371651833,3.863474083515331],[-73.67301431913384,3.8634729540586576],[-73.67353779306302,3.8639326320586256],[-73.67361337766425,3.8646226579859797],[-73.67336838048206,3.865051260644905],[-73.67243744252104,3.86583834098426],[-73.6717126897978,3.8660346557335914],[-73.67053998878802,3.865444830736723],[-73.66965873284174,3.8644262010960517],[-73.66919009671234,3.864104786691335]]]}},{"id":"143","type":"Feature","properties":{"NOMBRE_PRO":"Plan de Manejo Ambiental Específico para la construcción de la Planta de Inyección de Agua (PIA) en la estacion Acacias del campo Castilla","CLIENTE":"ECOPETROL S.A","DEPARTAMEN":"META","MUNICIPIO":"ACACÍAS","SECTOR":"HIDROCARBUROS","LATITUD":"3° 52' 38,554\" N","LONGITUD":"73° 37' 42,591\" W"},"geometry":{"type":"Polygon","coordinates":[[[-73.62861955771686,3.875476030008483],[-73.62912854569716,3.8755955181052344],[-73.629631794345,3.8760604890332697],[-73.62979698693732,3.876801151722915],[-73.63015488072594,3.8771984361761103],[-73.63024613403637,3.8776680615684382],[-73.62994103239272,3.8782886440965676],[-73.62948437687665,3.8785018309836037],[-73.62894921019353,3.879081807957014],[-73.6283682952674,3.879219371048101],[-73.62787918798853,3.879034176469551],[-73.62699936472488,3.878180808137903],[-73.62673796052675,3.8774820876540548],[-73.62703425985885,3.8765838183837062],[-73.62752287142973,3.8763054642355974],[-73.62817816500016,3.8756262616481933],[-73.62861955771686,3.875476030008483]]]}},{"id":"144","type":"Feature","properties":{"NOMBRE_PRO":"Plan de manejo ambiental específico para la construcción de los clúster CL 60 y CL 61 y la ampliación de los clústers CL11 y CL48","CLIENTE":"ECOPETROL S.A","DEPARTAMEN":"META","MUNICIPIO":"CASTILLA LA NUEVA / ACACÍAS","SECTOR":"HIDROCARBUROS","LATITUD":"3° 54' 46,146\" N","LONGITUD":"73° 42' 57,820\" W"},"geometry":{"type":"MultiPolygon","coordinates":[[[[-73.74614582984528,3.8956899382924615],[-73.74414007755944,3.8958773498018333],[-73.74210128469689,3.895424164722063],[-73.74049306115288,3.8957986501933086],[-73.74002094907749,3.8957365242354425],[-73.7385997884946,3.8949736395705234],[-73.73826480601998,3.894532292414071],[-73.73828887579052,3.8934946513852435],[-73.7386592712028,3.892192441688239],[-73.73914109566783,3.8917367079847676],[-73.73977573500099,3.8917247324223796],[-73.74276566525948,3.893347118022914],[-73.74308601435074,3.8937224058638993],[-73.74385135705053,3.893906416716473],[-73.74626577788108,3.8936880339672864],[-73.74686664493784,3.893790457998952],[-73.74965606237532,3.896074445560126],[-73.74989941152155,3.8965456160828906],[-73.74986549668758,3.8970011051977473],[-73.74926828457065,3.8978032974788093],[-73.7485054241776,3.8978843470940943],[-73.74614582984528,3.8956899382924615]]],[[[-73.7141860041247,3.914579519011266],[-73.71016535451221,3.9135931481231747],[-73.7079618348733,3.912182616753302],[-73.70754857123919,3.912329713280686],[-73.7070451104788,3.9122338787355564],[-73.70502686284505,3.910891101784483],[-73.70467491652792,3.9101735093945877],[-73.70497823579859,3.909453837811733],[-73.70487034263343,3.908962390503386],[-73.70505469098276,3.908471109468738],[-73.70567213767872,3.9080847144605415],[-73.70688398674541,3.9081495500900427],[-73.70890396331154,3.9095432428756607],[-73.70919560446727,3.910131882698324],[-73.70912866677267,3.910688605283365],[-73.71091930837709,3.9118478106145282],[-73.71443774051814,3.912704368147507],[-73.71571401006427,3.912780668193757],[-73.71807862105983,3.91234944635838],[-73.72103634941749,3.9124083470182778],[-73.72180230963603,3.9127295205601116],[-73.72213742482603,3.913355620018177],[-73.72193854790959,3.9140436283885043],[-73.72133083011263,3.9144079547350596],[-73.71816799715869,3.914247417781703],[-73.71569377179743,3.914676096013328],[-73.7141860041247,3.914579519011266]]],[[[-73.67770094485526,3.9356013918333668],[-73.67744353626028,3.934842143951729],[-73.67762872515361,3.9338533450483997],[-73.67801059510747,3.9334164410036174],[-73.67964559932612,3.933178167268256],[-73.68043491705524,3.9333078601185965],[-73.68086993797672,3.933691384565638],[-73.68099035360783,3.9341435945607],[-73.68089150307193,3.935310523316012],[-73.68045831485242,3.935917046414477],[-73.68000805589124,3.9360379845433653],[-73.67824388417336,3.9358601501538972],[-73.67770094485526,3.9356013918333668]]],[[[-73.68469242396598,3.9443754805024205],[-73.68563489652024,3.9443878487329584],[-73.68702694355837,3.944832467813757],[-73.68741121124276,3.9452108826249805],[-73.68749960390285,3.945819236107953],[-73.68703162851529,3.947413981059027],[-73.6865950671185,3.9479529329986502],[-73.68590669139054,3.9480218108218605],[-73.6842128013991,3.9475010004846696],[-73.683755312344,3.947090539776333],[-73.6836664520795,3.9464809307726694],[-73.68413302139052,3.9449029082096803],[-73.68469242396598,3.9443754805024205]]]]}},{"id":"145","type":"Feature","properties":{"NOMBRE_PRO":"PLAN DE MANEJO AMBIENTAL ESPECÍFICO PARA LA CONSTRUCCIÓN DEL STAP 6 Y DEL STAP DE EFLUENTES EN LA ESTACIÓN CASTILLA 3 - CAMPO CASTILLA","CLIENTE":"ECOPETROL S.A","DEPARTAMEN":"META","MUNICIPIO":"CASTILLA LA NUEVA / ACACÍAS","SECTOR":"HIDROCARBUROS","LATITUD":"3° 51' 43,941\" N","LONGITUD":"73° 40' 20,555\" W"},"geometry":{"type":"Polygon","coordinates":[[[-73.67296508238911,3.859377807919408],[-73.6735946880282,3.8595982036249916],[-73.67486706523405,3.861133449025376],[-73.67495777279353,3.861601692059364],[-73.67481465273507,3.8620107664260357],[-73.67421389673774,3.862993858088193],[-73.67245516472683,3.8645362759090025],[-73.67177459542712,3.8649095022935667],[-73.67080430909594,3.8648976929420984],[-73.67005870004117,3.8639807375542956],[-73.66990385309408,3.8635392290303794],[-73.67006940727867,3.862943417556568],[-73.67070292628588,3.8623813246174215],[-73.67047208130867,3.8619072346173993],[-73.67052862056421,3.861412295583223],[-73.67097180404109,3.860788733782285],[-73.67249138056133,3.8595387940697923],[-73.67296508238911,3.859377807919408]]]}},{"id":"146","type":"Feature","properties":{"NOMBRE_PRO":"Plan de manejo ambiental específico para la reposición de las líneas de transferencia de agua, oleoducto y naftaducto en el cruce subfluvial del río Orotoy, en el campo Castilla","CLIENTE":"ECOPETROL S.A","DEPARTAMEN":"META","MUNICIPIO":"ACACÍAS","SECTOR":"HIDROCARBUROS","LATITUD":"3° 52' 12,452\" N","LONGITUD":"73° 38' 6,192\" W"},"geometry":{"type":"Polygon","coordinates":[[[-73.63109427225756,3.8736006710191773],[-73.6300888099667,3.8726465901043743],[-73.62975177272183,3.8718028130545967],[-73.62991146179812,3.870795635272188],[-73.63061893350054,3.869998304409765],[-73.63182621087535,3.8694823112269447],[-73.63228091632695,3.869023893058592],[-73.63291348319271,3.868686784251655],[-73.63411276125655,3.867388854806891],[-73.63543611236396,3.866670672327938],[-73.63849692143857,3.8662961257247974],[-73.63928152388951,3.8664918083587483],[-73.6398981714212,3.8669942212986768],[-73.64028359977543,3.8680553647887863],[-73.63998832580968,3.8691264742433695],[-73.63922714300104,3.8701933558308217],[-73.63808811135226,3.8706649626105007],[-73.6375274955341,3.8717898552566186],[-73.63701534413161,3.8723168214013572],[-73.63613731180769,3.8729345009095564],[-73.63445453071898,3.873598302764433],[-73.63362776370816,3.873577152825803],[-73.63226818545635,3.8739948886550306],[-73.63167054092678,3.8739034514163277],[-73.63109427225756,3.8736006710191773]]]}},{"id":"147","type":"Feature","properties":{"NOMBRE_PRO":"PMAe Construcción De Líneas De Flujo: Estación Castilla 3(EC-3)– Estación Acacias(EA), EC-3 – CL22, EC-3– CL21, CL59 – EC-3, CL6 – EC-2 Y Línea CL45– CL50, en el Campo Castilla","CLIENTE":"ECOPETROL S.A","DEPARTAMEN":"META","MUNICIPIO":"CASTILLA LA NUEVA / ACACÍAS","SECTOR":"HIDROCARBUROS","LATITUD":"3° 51' 52,675\" N","LONGITUD":"73° 39' 12,892\" W"},"geometry":{"type":"Polygon","coordinates":[[[-73.63392454730197,3.8759777259806825],[-73.63233393377048,3.875886275628714],[-73.63191706416782,3.8757396628972605],[-73.62925989032598,3.875929840808331],[-73.62859406694473,3.8757161307877617],[-73.6283105508958,3.8753446100334394],[-73.6282441589946,3.8749393695018575],[-73.6283978462292,3.8737568769810045],[-73.62883904901447,3.8722864559617363],[-73.62949462959931,3.8719349424249634],[-73.63030998093427,3.872234120100193],[-73.63057304727631,3.872838463264372],[-73.63038861657056,3.8737713732362935],[-73.63484399780435,3.873725074820959],[-73.63532430337864,3.87397620766469],[-73.6355878936637,3.8746024919512334],[-73.63587590356208,3.8747522936730143],[-73.63956165257251,3.87548197418071],[-73.63997967098503,3.8746330128087116],[-73.64089682984105,3.8741113175736],[-73.64498487531142,3.871133207474197],[-73.64566567608446,3.8704865969222686],[-73.64654276239759,3.87001013357641],[-73.65060402753359,3.8670823602972577],[-73.65365948310739,3.864142389329833],[-73.6524997607234,3.8628668611583494],[-73.65181681065303,3.8605368851537314],[-73.65104550185777,3.8595250828136227],[-73.65078880606127,3.8588117630285197],[-73.65084986666912,3.8583476962499157],[-73.65113375886823,3.8579764688181073],[-73.65265568196864,3.8573257888516808],[-73.65180099257068,3.8566636234469653],[-73.65029444143823,3.853649027185366],[-73.65052521122128,3.8525730032563064],[-73.65352757181302,3.8502314396237036],[-73.65351326038895,3.8494235699361132],[-73.65402152478758,3.8488790336652317],[-73.65511156161953,3.8488428071820913],[-73.65561222738731,3.8490623234150974],[-73.65618556699815,3.850002173569075],[-73.65618556809247,3.8506207709525384],[-73.65500963387258,3.8518402231349382],[-73.65241420586099,3.85363240606402],[-73.65337638901644,3.8554167929126892],[-73.65420721957726,3.85601673506927],[-73.65553486460352,3.858671845981034],[-73.65552457954843,3.8592133208405053],[-73.65527510376296,3.859685755027534],[-73.65386408151728,3.860569613506915],[-73.65422407012534,3.861839990140607],[-73.65535133234185,3.8630457446464224],[-73.65589621941449,3.8630203483923276],[-73.65639547492378,3.863350240939117],[-73.65662829678563,3.8637557453041005],[-73.65658174844398,3.8643544500100266],[-73.65670970903332,3.8644819716542993],[-73.65725529832355,3.8646177743861103],[-73.6576997880584,3.864131918914618],[-73.65820005686447,3.8639797645167318],[-73.65888719029691,3.8641530961895985],[-73.65930679712599,3.8645138297982258],[-73.6615870705651,3.862603181436491],[-73.66156826329332,3.8620751560349813],[-73.66185920149626,3.8616164592707274],[-73.66570410091464,3.8587274297673337],[-73.66605715082757,3.8583186464209986],[-73.67051236359649,3.8558067352451126],[-73.67123552905441,3.8557854445874558],[-73.67174412523919,3.8560591618493523],[-73.67301665901552,3.857613393421155],[-73.673480559361,3.8584766172710667],[-73.6734280950591,3.859274807717475],[-73.67267916926444,3.8598169876766084],[-73.67227051172404,3.8598033552677196],[-73.6718670195969,3.8595691116166897],[-73.67073715162743,3.8579493131695304],[-73.67011916812375,3.858315738565046],[-73.66994361277636,3.858729945480493],[-73.66956309456224,3.859031419747443],[-73.66875097386583,3.859075427151894],[-73.66805458052168,3.8594517956592207],[-73.67023108481685,3.8620728689129256],[-73.67042059292051,3.8625851414818237],[-73.67093511635909,3.862337544752023],[-73.67145079375598,3.862423314166122],[-73.67194660047218,3.862921996908532],[-73.67205274473716,3.863531689024809],[-73.67272936205396,3.863536722434028],[-73.67328001233025,3.8640588604117725],[-73.67340041860096,3.8645110707995194],[-73.67324844783585,3.865013403379758],[-73.67207505726091,3.8659932124152374],[-73.67144110593058,3.8660137535280175],[-73.67046729374238,3.865423915357692],[-73.66870784271572,3.8636364855092906],[-73.66849029106203,3.863081477012748],[-73.66648874968584,3.860672208586997],[-73.66389987876595,3.8626623977776444],[-73.66299442273689,3.864251935086524],[-73.6582794954551,3.867700384725513],[-73.65759326163295,3.867801271134257],[-73.65697699294974,3.8675536197037244],[-73.65611391439724,3.868095020869272],[-73.65592772962117,3.8677862801571155],[-73.6566271193125,3.867219498007439],[-73.65514124018515,3.865721409457214],[-73.65009272670153,3.8703881218364966],[-73.64965477535334,3.8705482268046882],[-73.64926459539676,3.870496819395733],[-73.64191701617628,3.875793636336949],[-73.64088075190153,3.87725692847553],[-73.64041764403385,3.8776060475302923],[-73.63965730294849,3.877700008932942],[-73.63890842441343,3.8773686002966756],[-73.63533616912767,3.876671634422098],[-73.63392454730197,3.8759777259806825]]]}},{"id":"148","type":"Feature","properties":{"NOMBRE_PRO":"PMAe PARA LA CONSTRUCCIÓN Y OPERACIÓN DE LA LÍNEA ELÉCTRICA DE 34,5 KV (CIRCUITO SENCILLO Y CIRCUITO DOBLE) DEL CL25 – CL39 Y LÍNEA MECÁNICA DEL CL25 AL CL39 (CAMPO CHICHIMENE)","CLIENTE":"ECOPETROL S.A","DEPARTAMEN":"META","MUNICIPIO":"CASTILLA LA NUEVA / ACACÍAS","SECTOR":"HIDROCARBUROS","LATITUD":"3° 54' 1,116\" N","LONGITUD":"73° 45' 5,340\" W"},"geometry":{"type":"Polygon","coordinates":[[[-73.75294488677825,3.8944364470432453],[-73.75388836421664,3.894530809030209],[-73.754331102556,3.8947754506416765],[-73.75525309804118,3.895908426590326],[-73.75531271430462,3.8966746614559327],[-73.75497558411573,3.897104201051875],[-73.75337753120013,3.8980415217946103],[-73.7533911533922,3.8984517216571524],[-73.75313502177158,3.8991579264267937],[-73.75254539767796,3.8996358799405657],[-73.75233256312248,3.900222133169974],[-73.75191737780945,3.9034080752040468],[-73.75202747820937,3.903972179487776],[-73.75188367764763,3.9043569620695724],[-73.7502044392856,3.9061960368177147],[-73.74923151118202,3.9066431649736812],[-73.7487086623613,3.906626441647311],[-73.74790972287605,3.9059069839406813],[-73.74780571497271,3.9051383018640085],[-73.74800561004021,3.904795131552414],[-73.74965975463537,3.90329940634966],[-73.74998385454337,3.8991119629923316],[-73.75151701613768,3.89678515444349],[-73.7515613055647,3.8956825166354685],[-73.75193765274786,3.895010313164286],[-73.75237438786877,3.894593538884357],[-73.75294488677825,3.8944364470432453]]]}},{"id":"149","type":"Feature","properties":{"NOMBRE_PRO":"PMAe PARA LA CONSTRUCCIÓN Y OPERACIÓN DE LA LÍNEA ELÉCTRICA DE 34,5 KV (CIRCUITO SENCILLO Y DOBLE) DEL CL39 – CL66, LÍNEA ELÉCTRICA DE 34,5 KV DEL CL1 AL CL 8B Y LÍNEA MECÁNICA DEL CL39 AL C","CLIENTE":"ECOPETROL S.A","DEPARTAMEN":"META","MUNICIPIO":"CASTILLA LA NUEVA / ACACÍAS","SECTOR":"HIDROCARBUROS","LATITUD":"3° 55' 4,522\" N","LONGITUD":"73° 44' 28,227\" W"},"geometry":{"type":"MultiPolygon","coordinates":[[[[-73.7486231585122,3.904508512742922],[-73.74926463347369,3.904738108845798],[-73.7499671467294,3.9056842233776403],[-73.74993705671481,3.906151696006755],[-73.74933812806638,3.907643275129654],[-73.74984742907563,3.9097072252578844],[-73.74981546199896,3.9102959581561456],[-73.74806903892899,3.913174201065376],[-73.74775487876015,3.914929059653182],[-73.74495783004166,3.9176207903360014],[-73.74490676778476,3.9177741476238817],[-73.74569094499243,3.9180453381452085],[-73.7460356454794,3.91837386692603],[-73.74616600536683,3.9188328280710927],[-73.74604576538556,3.9192945672366024],[-73.74559352105277,3.919728378550144],[-73.74517560133141,3.9198489939276513],[-73.74497534262736,3.9202448345376553],[-73.74440336541934,3.920731520413998],[-73.74364126820322,3.9208558471270782],[-73.74313840346245,3.9204829888479966],[-73.74260917511731,3.9192741577669925],[-73.74248028196,3.91790351231454],[-73.74304456556222,3.916345450286866],[-73.74436906994578,3.915000882616383],[-73.74602233475832,3.912411484578811],[-73.74642632614518,3.9093814799461244],[-73.7469894941878,3.9072168576732813],[-73.74779238107429,3.9050465568331263],[-73.74818590469496,3.9046459149320225],[-73.7486231585122,3.904508512742922]]],[[[-73.7016438781574,3.953876588447175],[-73.70231320677313,3.9539976561144403],[-73.70270125875984,3.954257584243546],[-73.70291756927482,3.9547359738141625],[-73.702857078069,3.955200469932571],[-73.70239504296903,3.955715568064392],[-73.70189590532179,3.9558684641731987],[-73.70172633743496,3.956249008986998],[-73.70131727759336,3.956602734302417],[-73.70052193554656,3.9566557659237223],[-73.70018908718262,3.9564166492368993],[-73.69998243290202,3.955996680795168],[-73.70010329522742,3.9545780171022935],[-73.7005905549812,3.9540878309868983],[-73.7016438781574,3.953876588447175]]]]}},{"id":"150","type":"Feature","properties":{"NOMBRE_PRO":"Estudio de Impacto Ambiental para la modificación del plan de manejo ambiental (PMA) del Bloque Cubarral – Campos Castilla y Chichimene","CLIENTE":"ECOPETROL S.A","DEPARTAMEN":"META","MUNICIPIO":"ACACÍAS","SECTOR":"HIDROCARBUROS","LATITUD":"3° 56' 15,222\" N","LONGITUD":"73° 36' 34,674\" W"},"geometry":{"type":"MultiPolygon","coordinates":[[[[-73.67564747360142,3.9671460045512665],[-73.67391988142928,3.9674219663560892],[-73.67249220453124,3.96727919933983],[-73.67087964002138,3.9673741090255135],[-73.67043422462498,3.9669846472883044],[-73.66972110657575,3.9656475132871174],[-73.668494497828,3.9646484143452656],[-73.66533499670612,3.963729585246405],[-73.66360691181798,3.963009236484703],[-73.6629644571609,3.962580933040883],[-73.6609181192858,3.960570288232278],[-73.65888368072265,3.959582812530771],[-73.65815715193504,3.958695274044255],[-73.65781212982287,3.9579814354924925],[-73.6578121300498,3.957648310522498],[-73.65875201807016,3.9566370404186206],[-73.6591446284068,3.9559232012509313],[-73.65926350266373,3.955329624946533],[-73.65892106380316,3.9547435081812914],[-73.65823417732092,3.954116853295822],[-73.65786098554528,3.9530745870114288],[-73.6570311461459,3.9529200736092465],[-73.65717079570277,3.9525839449427247],[-73.65797992036832,3.952325200577925],[-73.65809170353954,3.9519330242998665],[-73.65763812177353,3.9507650852719416],[-73.65686717658961,3.950379613216175],[-73.65637272418856,3.9496681536793754],[-73.65633465327815,3.949306475904526],[-73.65676771566767,3.948697333837337],[-73.65714483057022,3.9476130327822188],[-73.65753803609583,3.945780253130851],[-73.65757697038669,3.9448754632743412],[-73.65724638775396,3.943414079002651],[-73.65721475705642,3.9422617838338248],[-73.65815896666807,3.939340506520604],[-73.65808608067933,3.9367612588664462],[-73.6582571958489,3.9360715188308504],[-73.65865718800933,3.9353815965659673],[-73.65871391022931,3.9347494145259896],[-73.65905681730167,3.9342319399312453],[-73.6596277862107,3.932679876559173],[-73.66019934290107,3.931874883629328],[-73.66197181001496,3.930206932836335],[-73.66277137309383,3.9283098855754397],[-73.663514578044,3.9275047553599647],[-73.66442893715109,3.926067351497687],[-73.66517236576908,3.925549554716746],[-73.66602982086978,3.924514464057516],[-73.66705956578296,3.9242837729479216],[-73.67020670126466,3.9244536492843856],[-73.67089313577657,3.924223229503068],[-73.67183723527798,3.924222469595429],[-73.67260281290801,3.924720655983067],[-73.67293370221034,3.924579637560835],[-73.67270986015888,3.9243881174727124],[-73.672738523808,3.924227824440767],[-73.67312835640965,3.924179578195501],[-73.67333154366322,3.923801450474671],[-73.67403863616076,3.9234215238651933],[-73.67456304398807,3.9227853332797102],[-73.67515322769462,3.922703112209893],[-73.67534752308002,3.922460904709068],[-73.67580446651546,3.9225043181567028],[-73.67618518627971,3.922139136978215],[-73.6761271951181,3.9219690165611527],[-73.67645681945683,3.9217357387641862],[-73.67864011693294,3.921638070834898],[-73.6798961757998,3.9220937241800176],[-73.68098802169396,3.9213968888871054],[-73.68159570094451,3.921503337563038],[-73.68179425079232,3.9211933834043795],[-73.68247677718472,3.921279398884161],[-73.68258582035415,3.920880539616569],[-73.68293561508597,3.9215514665878084],[-73.68341504462927,3.9218324087052445],[-73.68353842621255,3.922231377927609],[-73.6839120487899,3.922368256425387],[-73.68456943836829,3.9229789149465333],[-73.68551043454916,3.922991320918399],[-73.6867074027835,3.9232730188480045],[-73.6870229570928,3.9234885045641046],[-73.68810698532269,3.923297599812714],[-73.68899430282949,3.923483444459004],[-73.68931563544348,3.9240817556476717],[-73.68964307358816,3.9243570631460414],[-73.69010757025922,3.9244649485816354],[-73.69016702285748,3.9246922772243096],[-73.69101273410718,3.9246986518130886],[-73.69179311038327,3.9243161896356127],[-73.69209666113291,3.9247350429603003],[-73.6925851435211,3.9244900225664647],[-73.69287675518605,3.9249686873051277],[-73.69391304407854,3.9249871099863785],[-73.69373420899043,3.9253459243725066],[-73.69390089257132,3.9255134868590162],[-73.69437742554234,3.925352202334161],[-73.69470493137405,3.9254839484718205],[-73.69438308445052,3.9260042019634573],[-73.69466888140632,3.926177800169619],[-73.69516324490347,3.9260942847567226],[-73.69534201068763,3.925890991781716],[-73.69594354589461,3.9258793034867945],[-73.69662843952732,3.9259155069815015],[-73.6972654913512,3.9263883463064317],[-73.69823636167935,3.926203358870992],[-73.6986112279736,3.926969177380734],[-73.69855149775434,3.9273519741741008],[-73.69898598708882,3.927974260937151],[-73.69934923603063,3.9280940585760047],[-73.69939676115416,3.928363253529969],[-73.69963500434524,3.9283334535243544],[-73.69981384676484,3.927956691739432],[-73.70028426485467,3.928148317877836],[-73.7008561161219,3.927933237627257],[-73.70102726177115,3.9283791846779668],[-73.70185455313569,3.929049662796477],[-73.70202706285558,3.9300731399455593],[-73.70215322339197,3.933901420452979],[-73.70235309783394,3.9349436245426848],[-73.70193907178471,3.9369138183386365],[-73.70179630500765,3.939897662055697],[-73.70328108734178,3.9431099348948573],[-73.70339059246044,3.9449553173573717],[-73.70084878706218,3.952896507174796],[-73.69967809268515,3.9549618793307015],[-73.69805981650784,3.95709053340492],[-73.6973557383224,3.9588070889181286],[-73.69642050070973,3.9599826713147133],[-73.69597792132957,3.960815482215982],[-73.69525920356345,3.9626702795179614],[-73.69487811360932,3.963125544026815],[-73.69118572640839,3.9653920486293646],[-73.6892821576287,3.966974390182304],[-73.68824709229591,3.968366374884284],[-73.68818165698094,3.969257483361054],[-73.68834927987388,3.9699140012580716],[-73.688222782177,3.970125837383399],[-73.68749942605652,3.970506550482311],[-73.68630969548703,3.9706921484689115],[-73.68410940755929,3.971641553915762],[-73.68340032797742,3.9715225810358907],[-73.682139214399,3.9709181979165433],[-73.68066394818699,3.9705517608002285],[-73.67985532885727,3.9701157241693035],[-73.67927533459739,3.9695446536012247],[-73.67673501492273,3.968626603562342],[-73.67564747360142,3.9671460045512665]]],[[[-73.55823557820942,3.988674978400962],[-73.55444606440734,3.9872084350230668],[-73.54881240617917,3.985799465082892],[-73.54332392053419,3.9817755531798107],[-73.5402990024085,3.9807670652364315],[-73.5396766586039,3.980579744065568],[-73.54056790216747,3.981358354720025],[-73.54116233859926,3.9813400043357885],[-73.54122509607619,3.981600365784023],[-73.54231198889421,3.9822132419927323],[-73.54266363097992,3.982147161496264],[-73.54299128178666,3.9818536172957586],[-73.54305397906683,3.9820211916198205],[-73.54289621080918,3.982314622151684],[-73.54251026121034,3.982542355948648],[-73.54169448903828,3.9820280756971904],[-73.54073500507488,3.9816665370028694],[-73.54052024623515,3.9814062760599356],[-73.53979597872022,3.981201415682109],[-73.53962893579919,3.9809860193752376],[-73.53967692666954,3.981452917359869],[-73.53943251586796,3.9814231464953482],[-73.53924198099816,3.9817465299809656],[-73.53868767508988,3.9818187292462754],[-73.53840767819148,3.9820643494292836],[-73.53823480029216,3.9820405183586463],[-73.53806171235561,3.9816934266711606],[-73.5372154716519,3.9819873087147664],[-73.53690510377,3.981358952524659],[-73.53680334068638,3.9806945422337883],[-73.53569373504438,3.979300464040545],[-73.53416205357901,3.9784881673244907],[-73.53263943209379,3.978110103672378],[-73.53285652133007,3.9775079421045656],[-73.53200566323115,3.977042866031423],[-73.53203879472979,3.9766549334879757],[-73.53243064018099,3.9762714020026175],[-73.53214658985095,3.976270786937291],[-73.53166713477715,3.9759406554749224],[-73.53187312198779,3.975524233247295],[-73.52839954656497,3.9730897347618757],[-73.52859096547756,3.9714361972998273],[-73.52893635672307,3.9702234444470093],[-73.52996505477086,3.9682075256767444],[-73.53139952746542,3.9665657837259904],[-73.53167056206291,3.964699131623392],[-73.53220101777156,3.9631934866358005],[-73.53048000726534,3.963235824070247],[-73.5313988779966,3.962825771330909],[-73.53150712823002,3.9624593397776224],[-73.53219288624635,3.9629018836304106],[-73.53234783146982,3.962894532855143],[-73.5324896611483,3.962615016971225],[-73.53195424179934,3.9625608185513816],[-73.5319361252257,3.9621956679566854],[-73.53170956786448,3.9621120056678847],[-73.53172488006555,3.961821062023002],[-73.5311737043539,3.9611748986624096],[-73.53093762713576,3.961117581683264],[-73.53103766478755,3.9609594793737353],[-73.52985802567233,3.961850995720477],[-73.52897106825333,3.9618300144293355],[-73.52808397405305,3.9615935256906294],[-73.52750728765058,3.9613209186589855],[-73.52737124213587,3.961098316158879],[-73.52669158481746,3.9608688765922992],[-73.52485316055501,3.9606114384955573],[-73.52428795090294,3.960389108093291],[-73.52376556025406,3.9600087109741686],[-73.52314966564401,3.9588022643023764],[-73.5222337394867,3.9582066088432715],[-73.52191854001512,3.9575722607440964],[-73.52199205859735,3.9570256353078976],[-73.5220917141437,3.9568735131025106],[-73.52421075118826,3.956066546453399],[-73.52450062631488,3.955382456714493],[-73.52432153172059,3.9549407821791087],[-73.5246072920835,3.9543874680656246],[-73.5242957366398,3.9537339623198116],[-73.52527822531641,3.9544014090539394],[-73.5260793748407,3.954472735397751],[-73.52676700057967,3.9560023939268354],[-73.52733820647924,3.9566647114560283],[-73.52750622940724,3.956556851657551],[-73.52740243732154,3.9564347973149587],[-73.52768142129143,3.9564777202859043],[-73.52749557719474,3.956678978166051],[-73.52751122487942,3.9569172223773514],[-73.52774967620562,3.9569589753651497],[-73.52791674050165,3.9572222649571684],[-73.52839954947119,3.9572219564266273],[-73.5284713314094,3.957622992028091],[-73.52872178789809,3.9577964337997606],[-73.52891247790593,3.957718489858504],[-73.52920475277746,3.958041563249035],[-73.52986721291703,3.9579447592805135],[-73.53000299734133,3.957757899159521],[-73.53056796373193,3.9575994997262516],[-73.53083955516355,3.9572688819283575],[-73.53087504115781,3.956830663471334],[-73.53101815974767,3.9569311409822907],[-73.53090397203918,3.9573334922969035],[-73.53111156616713,3.9575919666475077],[-73.53167655904277,3.9574766664746504],[-73.53170495992016,3.9571462051188617],[-73.53119680375634,3.956658050970505],[-73.53140418315755,3.9565788993394935],[-73.53136113858332,3.956377787702527],[-73.5320762872322,3.9561833718056914],[-73.53254810479139,3.955773606623611],[-73.532884475939,3.9560750981784563],[-73.53318466523048,3.955722911131201],[-73.53347840016718,3.956462626474626],[-73.5338647343072,3.9565988643516614],[-73.53408951980332,3.956604596091848],[-73.53462241123546,3.9561728892882675],[-73.53443651400579,3.955916058577335],[-73.53429343671144,3.955880233558244],[-73.53415051113555,3.956081465304807],[-73.53405747157257,3.9559953224942834],[-73.53377073307439,3.95501136253291],[-73.5333700749431,3.954846399697562],[-73.53254079639838,3.955529370578684],[-73.53222957321651,3.9554038595058847],[-73.5309478993516,3.9555501488192784],[-73.5304256318179,3.9553637124539183],[-73.53004688452013,3.955909904128819],[-73.529176400301,3.956178782582137],[-73.52898080147791,3.9560352368761023],[-73.52894758649158,3.9562938656492372],[-73.52865673510236,3.956337153364546],[-73.52860410955348,3.9560642124910856],[-73.52831796020898,3.956002137757853],[-73.52823674239671,3.9557579495184787],[-73.52798889354767,3.9559353013855834],[-73.52804595467339,3.955681446879133],[-73.52745938224537,3.9556051964903483],[-73.5272687127537,3.955715464722411],[-73.52755016835503,3.9558972684910385],[-73.52761705156755,3.9560935771179166],[-73.52750739159089,3.956117591616445],[-73.52679929475813,3.9555097005952264],[-73.52644106880514,3.9545760675808577],[-73.52574181162608,3.9541504240709413],[-73.52572230073639,3.953456026375164],[-73.52588899765483,3.9531398441179086],[-73.52546451033987,3.9529916535608924],[-73.52551327613969,3.9521677744167714],[-73.52609257621191,3.9520596527325442],[-73.52645031533133,3.9522246471143356],[-73.5267502965856,3.9515420196105757],[-73.52744394803705,3.951290153701616],[-73.528445535186,3.951619957497238],[-73.52953272945034,3.951597712662135],[-73.53011472140804,3.9512420137089843],[-73.53059256072282,3.951212470014231],[-73.53218977242666,3.952022698170244],[-73.53241112680442,3.9519059759183595],[-73.532185229795,3.9516740831700137],[-73.53174894654111,3.9515945160398154],[-73.53101430021756,3.951116084930178],[-73.53095591067813,3.9509171795726963],[-73.53109989540891,3.950742485290318],[-73.54070432642025,3.945899003234448],[-73.53863756602475,3.9448474700341403],[-73.53774269464132,3.942089161412896],[-73.5372013534787,3.941646426743376],[-73.53835069678175,3.939819798988971],[-73.5453814933927,3.942166502324928],[-73.548986752853,3.944504164118506],[-73.54978660760925,3.94367811151732],[-73.54975417412268,3.943360349304217],[-73.5495110848035,3.943511364478712],[-73.54966101046548,3.9430874373219913],[-73.5493244384129,3.9424770609538826],[-73.54880936327424,3.9423409151564877],[-73.5480506530047,3.941522494690009],[-73.54813859656001,3.9409479869399866],[-73.54686551393122,3.9390633858483315],[-73.54659837956486,3.9389007353697663],[-73.5465829895187,3.9383348031643886],[-73.5461939075713,3.93781169602434],[-73.5471030165278,3.9370486139028653],[-73.54787917468721,3.9372684531561726],[-73.54946231466558,3.935980245874301],[-73.5511540637865,3.9351418697027643],[-73.55131167887819,3.9333856708395785],[-73.5516157540507,3.932222003746846],[-73.55226603006408,3.9307236118115356],[-73.55321237948323,3.9293239974435012],[-73.55263274940125,3.9293492615498136],[-73.55166699255132,3.929086506880359],[-73.55151196718919,3.9290028011163325],[-73.55177417759073,3.928930791824801],[-73.5514998110258,3.9286436334210126],[-73.55096351012538,3.9288475217284646],[-73.55093958137287,3.9287158394389268],[-73.55114218748375,3.9286438704122526],[-73.55115383448397,3.9282248231124344],[-73.55073658355722,3.9281891816810304],[-73.55030726362554,3.9279260694377824],[-73.54960349198534,3.9272440992766704],[-73.54944932613458,3.9273094123617187],[-73.5496524899482,3.927796720294342],[-73.54898003655397,3.9276103910762985],[-73.54877246042622,3.9273734713845636],[-73.54872910003436,3.926691065061021],[-73.54777003464343,3.9257147367357077],[-73.54720479975113,3.9254205838758014],[-73.54631784129194,3.9253349634190937],[-73.54619608133389,3.925076435722315],[-73.5458383248567,3.9248683478983506],[-73.54579522823688,3.9245882180703737],[-73.54620261407571,3.924121021466331],[-73.54493216756426,3.922748601172526],[-73.54533139030342,3.9225627653235478],[-73.54577252274052,3.922664243802989],[-73.54622527320593,3.9225341692892446],[-73.54700223760486,3.9230121561923776],[-73.54771134778537,3.92288751412731],[-73.54827192463098,3.9215773001459997],[-73.54937482496373,3.9217916337789442],[-73.550304365334,3.9213743771111136],[-73.55009652720098,3.920735179405374],[-73.55026098082759,3.9206560522764304],[-73.5506320974667,3.919420240448451],[-73.55113273169034,3.9193696258954134],[-73.55207647876364,3.918808687784182],[-73.55254854504446,3.9188227426654003],[-73.55303476067846,3.918599731365656],[-73.55324233994567,3.918843832687554],[-73.55308518161199,3.919138460828363],[-73.55373602897947,3.9191092956414852],[-73.55404368971315,3.9192743125824454],[-73.55407249763265,3.9195760015978167],[-73.55429431174198,3.919712341151672],[-73.55431598715717,3.92004276853691],[-73.55405150892905,3.9202871840109017],[-73.55425205516316,3.920710878961664],[-73.55442381169543,3.920861618678599],[-73.55519631752604,3.920932940202567],[-73.55543929531407,3.920623886747732],[-73.55590420036363,3.920623577081475],[-73.55599705342048,3.920429560096379],[-73.55665521491963,3.9206446279026617],[-73.55699844456755,3.9205150946055443],[-73.55692218843747,3.920388596569505],[-73.55727091369964,3.92037578054699],[-73.556996089622,3.92022032088274],[-73.55730445832054,3.919436898094647],[-73.5577048876529,3.9192785939191332],[-73.55772642926313,3.919062340066139],[-73.55852505970773,3.9189839847516037],[-73.55865072680065,3.9197381702621716],[-73.55882964789524,3.919905665582526],[-73.55852017269888,3.920600279888687],[-73.55854136766484,3.922002846879112],[-73.55913775910255,3.9225412106777133],[-73.55970406673624,3.9226545707450686],[-73.5596029723156,3.923001841281309],[-73.5591144712941,3.9233733175815453],[-73.55935910383835,3.9237622601276114],[-73.56192740602788,3.9226771774900073],[-73.56360126831784,3.9224109403889456],[-73.5648659073986,3.922423671667778],[-73.56690794403177,3.921464216360789],[-73.568543395394,3.921098321320314],[-73.56999587260364,3.921037251398832],[-73.57132970045981,3.920408849198402],[-73.57421470322502,3.9161358375531576],[-73.56887862304228,3.9138467061739046],[-73.56877191280385,3.912754017302637],[-73.56860755618463,3.9125697745572543],[-73.56961135213753,3.9132703366375425],[-73.57016447667115,3.913289115576941],[-73.57080323487331,3.91302049518172],[-73.57136541567338,3.9123304947276525],[-73.57128875493916,3.9117846013845496],[-73.57068783962775,3.9116030290358723],[-73.57100241634429,3.9114208320816894],[-73.57230912987593,3.9117551697596],[-73.57359636621216,3.9114956811872874],[-73.57386669580734,3.911132527395372],[-73.57459918593912,3.9113527121600082],[-73.57538921924868,3.9118625640422016],[-73.57567528183708,3.9118192664262845],[-73.57600399775367,3.91139521292626],[-73.57673364900357,3.911567114931791],[-73.57694086356129,3.9112724485852457],[-73.57666163008338,3.9108416318670587],[-73.57692610230562,3.9106043934382355],[-73.57694023975239,3.9103601442697817],[-73.57706658741698,3.9102862649910692],[-73.57751374765876,3.910495475589277],[-73.57812120275523,3.911061886990441],[-73.57826042325476,3.9110392352781975],[-73.57818978083458,3.9108290453646317],[-73.57942394628529,3.9096382709977067],[-73.5781240608306,3.9036710636315335],[-73.57750079769313,3.9019730643936428],[-73.57871111511336,3.89911338191807],[-73.57954215175712,3.896326788965455],[-73.5812060749668,3.8973413500977845],[-73.58548049733331,3.8973662246570524],[-73.587706987645,3.894351093220765],[-73.58731354107644,3.894237629729138],[-73.58780774518746,3.8935368943224864],[-73.58924408736351,3.8934760258020686],[-73.58955341264372,3.8926137912294445],[-73.58980837251589,3.8924136740865922],[-73.59016848189134,3.891677784155769],[-73.59221304899246,3.890340218562117],[-73.59265919904959,3.890138767451642],[-73.59343171511098,3.890267524855212],[-73.59480485431438,3.8901803534661727],[-73.5951051316519,3.890022104043663],[-73.59620554183829,3.888584629304885],[-73.59657540633188,3.8883969245454146],[-73.59590348918142,3.888367868519163],[-73.59550311141354,3.888564499871753],[-73.59518884317305,3.8891681351792426],[-73.59475524289373,3.8895850832127112],[-73.59386373139614,3.88974853872752],[-73.59282894676332,3.8895816547634623],[-73.59375361702038,3.8891068930737367],[-73.59394416085648,3.888852941712343],[-73.59431605572935,3.888833523182899],[-73.59522609143033,3.8878894497849643],[-73.59574090863784,3.887702314968578],[-73.5960223307283,3.8878553626601824],[-73.59659289966255,3.8878461794305483],[-73.5967535049181,3.8873970983660455],[-73.59760544637814,3.8869056223094276],[-73.59811803547034,3.8869411756962795],[-73.5983446598838,3.8871445462449192],[-73.5988760079102,3.888425220917179],[-73.59910264233936,3.888640563309865],[-73.60003857021599,3.8889212488396034],[-73.600693988493,3.888657387035969],[-73.60126020250134,3.888668955455121],[-73.60176109323976,3.889015797924933],[-73.60257766676881,3.8890810613276208],[-73.60300745026585,3.890008618640381],[-73.60356781917895,3.890181816334715],[-73.60366901686699,3.890008143480625],[-73.60398502790596,3.890187503405886],[-73.60470930262825,3.8900162917013144],[-73.60297402485638,3.8837142083659058],[-73.60812687580132,3.882923093763958],[-73.60884677237482,3.884399240519221],[-73.60976119255729,3.8857906375397095],[-73.61207580413969,3.8883489777231595],[-73.61273390148148,3.8884993519708635],[-73.61436278344839,3.8881680428782945],[-73.61609300070074,3.888075680013753],[-73.6153453316499,3.8909487960596967],[-73.61529089798233,3.8920050398972212],[-73.6161178294153,3.8921906520981504],[-73.6171389260377,3.8926731923422615],[-73.6180084648659,3.893395621418823],[-73.61852783342181,3.8940680560490497],[-73.6191489905304,3.8956435696499105],[-73.61920178123874,3.898194708227798],[-73.61904781839468,3.898961353600985],[-73.6185365470217,3.9000508442110977],[-73.61760513087641,3.901112057164483],[-73.61658746391238,3.9017476233396877],[-73.61535802465256,3.9042720622684697],[-73.61328386865753,3.9074476592255807],[-73.61256319022887,3.9113659975020703],[-73.61287498387448,3.9122888418632065],[-73.61266779660161,3.912813989717954],[-73.61231497312843,3.9128429823713478],[-73.61171472527896,3.9135905002576057],[-73.61041776873452,3.9135722927822365],[-73.60945429290388,3.9131515667285046],[-73.60891975312033,3.912452766522164],[-73.60746976058465,3.9118025209397347],[-73.60710744179322,3.9118889859060975],[-73.60573356338384,3.9109896557130512],[-73.60516032652039,3.911450804655616],[-73.60503207544852,3.911773801191202],[-73.60448663652187,3.9119043011177355],[-73.60379786819594,3.9124124079021394],[-73.60163105042824,3.914618748554446],[-73.60065358432433,3.9147937621675992],[-73.5996213842912,3.9153484398939944],[-73.60102414993142,3.9161045470747404],[-73.60151682770014,3.9161041922573254],[-73.6015599314754,3.916369949624263],[-73.60104497649323,3.916384687227007],[-73.60102205404333,3.916206125440938],[-73.59957872179851,3.9154281517674994],[-73.59912769161625,3.917796781135024],[-73.59929583783358,3.9240339353456943],[-73.59882992640806,3.9252965771327015],[-73.59978945274646,3.9268475144417803],[-73.59974704050799,3.927551524877796],[-73.6006056048525,3.927938814023508],[-73.600362875486,3.92857113298654],[-73.5995186454956,3.9282269351086607],[-73.59919843404944,3.928862902274104],[-73.5989073320913,3.930204024758344],[-73.59859177263857,3.9306771631590265],[-73.59768195678406,3.9314696335999373],[-73.59864105554142,3.9321018499693308],[-73.59950898279534,3.9322401058638086],[-73.6000718359555,3.932512671761427],[-73.60039128831342,3.9324789177504202],[-73.60050109904296,3.93267518662931],[-73.6011879393651,3.9329620285223945],[-73.60125988205974,3.9335462320136196],[-73.60187500886255,3.933569731319886],[-73.60185608111998,3.9337708819682686],[-73.60118844004938,3.933661218398002],[-73.60108326677262,3.9332829663701903],[-73.60038664330402,3.9326513244478227],[-73.59971910978354,3.932690118064938],[-73.59943756481476,3.9323886152333074],[-73.598369311157,3.9321690915290843],[-73.59800666829388,3.9318149685699417],[-73.59744879589503,3.931839313310691],[-73.59711005639703,3.931571374092795],[-73.59631402172614,3.9319502748720407],[-73.59639964690399,3.9316628743380506],[-73.59585140927774,3.931826092538489],[-73.59495493038929,3.931769266225359],[-73.59460225952499,3.9320281239557793],[-73.59416357999908,3.932033225335265],[-73.59428768477632,3.9322151185405523],[-73.59403511402378,3.932426014268332],[-73.59394436725375,3.9322153630520753],[-73.5935867284605,3.9321916741686422],[-73.59354363719793,3.931942676902284],[-73.59281877531548,3.931828258639266],[-73.59267586917119,3.932029498453501],[-73.5910743023377,3.932854342448759],[-73.59063127825587,3.9334628576991997],[-73.590073353249,3.933415363792741],[-73.58986842805564,3.9335735466646775],[-73.58970762348739,3.933117386112954],[-73.58423442876675,3.935006458701513],[-73.58322412652619,3.934213704949047],[-73.58424858184769,3.9299507058196017],[-73.58281793603645,3.929837126680545],[-73.58183895893383,3.930815419826299],[-73.58085002767336,3.931361454463847],[-73.57947538445211,3.9316700618690157],[-73.57810927847946,3.931545061019218],[-73.57734330454669,3.9323628028754603],[-73.57664246047618,3.932841162359273],[-73.57559318150616,3.9332584014280902],[-73.57450688350436,3.933416687101591],[-73.57221880833941,3.93621683623452],[-73.57136758258447,3.9378516678792543],[-73.56905015174931,3.937450990010119],[-73.5684590422597,3.937695633931274],[-73.56793923715668,3.937614576527161],[-73.56823022355093,3.9377867809594873],[-73.56807769520624,3.937873087919161],[-73.56744344599873,3.937787319183702],[-73.56724828760228,3.9382950870700357],[-73.56886876663172,3.9385789242613463],[-73.5690930838343,3.938880477212537],[-73.56910762639033,3.939230064263616],[-73.57011859849183,3.939349095922516],[-73.56996143213073,3.9396269654331855],[-73.57044764128094,3.9393871821979496],[-73.57079114923488,3.9396599190749306],[-73.57116788460705,3.939712338269962],[-73.57097215096442,3.939372454008464],[-73.57132002796237,3.939060930665623],[-73.57185913308514,3.9394724124101024],[-73.57297036200319,3.939768564748621],[-73.5727401095045,3.9410742037792392],[-73.57161126778621,3.9417278825843183],[-73.57105871214226,3.9425711272880872],[-73.5701243200987,3.942878264997149],[-73.56968551248043,3.942706163120083],[-73.56951402112415,3.942955308795816],[-73.56858606772195,3.943267230474166],[-73.5685620949949,3.9430756869426182],[-73.56815064403507,3.942812572429034],[-73.56768575253713,3.9428488084770827],[-73.56751302786904,3.943040487027135],[-73.5669228928234,3.9429690558264774],[-73.56704197194459,3.9427774140401333],[-73.56661259092859,3.9424424771829343],[-73.56691038374734,3.9421010574291007],[-73.56674928071527,3.9418497445101703],[-73.56649922090625,3.9422629671600986],[-73.56659488060674,3.9426939124434868],[-73.56638046159003,3.9429275223303843],[-73.56634766359427,3.9435364957526624],[-73.56690303515241,3.9438371545552875],[-73.56633086823314,3.943895014030511],[-73.56541519703009,3.9436849232772393],[-73.56526713403345,3.943325848425422],[-73.56427983066288,3.942957767136052],[-73.56231435792105,3.943040514955775],[-73.56193241658787,3.9437178667095316],[-73.56296317396003,3.9441759545981694],[-73.56345371666453,3.9451094998455147],[-73.56451009533927,3.945374570390685],[-73.56565246058089,3.94516547016949],[-73.5658670859036,3.945234764582336],[-73.56598258569845,3.9454935117736194],[-73.56550891972614,3.9455922355902278],[-73.56528559228188,3.9458767357187274],[-73.56476708697832,3.94596089580149],[-73.56372977038177,3.9456802482345275],[-73.56177212025766,3.946768800671337],[-73.56225313323542,3.946771218593122],[-73.56239391318013,3.946933949891961],[-73.56292783411564,3.9467252648593303],[-73.5628398456283,3.947065344468418],[-73.56306168124783,3.947218441965725],[-73.56331908487947,3.947084175367171],[-73.56329789187478,3.9474768872814296],[-73.56374207131788,3.9471269881642357],[-73.5638396017543,3.94679887537317],[-73.56438781693343,3.9465758136535225],[-73.56462399814986,3.9467887628563014],[-73.56451446653288,3.946999553866171],[-73.56470290476666,3.947126334429979],[-73.56479390535786,3.9467875820784877],[-73.5652767181999,3.9468022181333295],[-73.56606526965152,3.9476493335359875],[-73.5670886256806,3.948435227912979],[-73.56756165272276,3.948434425014677],[-73.56777999936762,3.948718023780582],[-73.56779404540677,3.9495346060379575],[-73.56909463241809,3.9503538302594525],[-73.5692738727325,3.9509762768972303],[-73.56923888036326,3.9521077023429387],[-73.56866093337071,3.9524373428418977],[-73.56971977915738,3.9529536569103665],[-73.57030395200456,3.9530131169065035],[-73.57023281444611,3.953581859661743],[-73.57044734006038,3.953503891161525],[-73.57051376337611,3.9530129723809018],[-73.57162851867132,3.953209749234948],[-73.57201610239376,3.953424985850314],[-73.57189707171102,3.9536884633677642],[-73.57202836753177,3.953927821758136],[-73.57243351226522,3.953676119176552],[-73.57317296139385,3.9541724664417233],[-73.57419842173115,3.9545309299514932],[-73.57437739063903,3.9547522963509385],[-73.57431209225868,3.955141447414289],[-73.57460853991519,3.9552594921738105],[-73.57481341885881,3.955019900788585],[-73.57503276713553,3.955019748317414],[-73.57517120327249,3.9552399460288235],[-73.5754810853106,3.9551439501075105],[-73.57547170784817,3.9553738289180966],[-73.57507239300033,3.9555823765024267],[-73.57473040982163,3.9564765952790473],[-73.57424392985325,3.956277781109462],[-73.5722840600684,3.9628489864168785],[-73.57130238787049,3.9626512342252322],[-73.56664738122329,3.9631252134115798],[-73.56566093515637,3.9624600955600573],[-73.56623947391031,3.9630705687039267],[-73.56371336230494,3.9633670034806823],[-73.56272605040134,3.9630228694325043],[-73.5624473843559,3.9634540697996012],[-73.56168210398846,3.9635479761929107],[-73.56136727152558,3.963382969891975],[-73.56124542719307,3.9630166935203484],[-73.56244544522374,3.9608956811533584],[-73.56193702552555,3.960213533145932],[-73.56137190967956,3.960138490434974],[-73.56089992790584,3.96028487567228],[-73.5608430705411,3.9608260709356564],[-73.56045698491822,3.961065783423635],[-73.56082409341073,3.9609697551838905],[-73.56079084954982,3.961170915281426],[-73.56018528717,3.9612240058899975],[-73.5598850790338,3.961530705542854],[-73.55961805259469,3.9615452536147084],[-73.55959434804154,3.961751196963507],[-73.55834573626804,3.962843935292373],[-73.55822411533158,3.964147080391889],[-73.55658221169972,3.9643901230514413],[-73.55170530687674,3.9589580499812462],[-73.55119133295156,3.9573650606071107],[-73.55098305127763,3.9572691005507155],[-73.55086159989877,3.9574167024784725],[-73.5511803160871,3.9634998264233725],[-73.54969374692917,3.9683499433374756],[-73.54888343416954,3.9698436327518998],[-73.54850704366545,3.9709103292934853],[-73.55216284715648,3.9725013914985463],[-73.55334951059142,3.9724725864949617],[-73.55391854618283,3.97296230588068],[-73.55443771785976,3.9738347767029905],[-73.55577324758224,3.974330736622416],[-73.55611915634128,3.9746118567561357],[-73.55653047429841,3.9746534829911377],[-73.5567630988761,3.9748867892666557],[-73.55769894260537,3.9749041147435333],[-73.55842639525673,3.975268782542736],[-73.55400067216065,3.986371297575123],[-73.55730724413985,3.987786604095775],[-73.55817550776075,3.9879936041899318],[-73.55823557820942,3.988674978400962]]]]}},{"id":"151","type":"Feature","properties":{"NOMBRE_PRO":"Informe de Monitoreo Semestral de la Fauna y Flora Silvestre Existente en el Area de Influencia del Proyecto Pauto Sur-B (Segundo Semestre del 2023)","CLIENTE":"ECOPETROL S.A","DEPARTAMEN":"CASANARE","MUNICIPIO":"YOPAL","SECTOR":"HIDROCARBUROS","LATITUD":"5° 25' 31,745\" N","LONGITUD":"72° 26' 52,830\" W"},"geometry":{"type":"Polygon","coordinates":[[[-72.4504418948779,5.432795634146645],[-72.45100463634033,5.432154665767188],[-72.45005221928494,5.432175458564787],[-72.44925814309323,5.431920616640617],[-72.44857901408265,5.431435833927481],[-72.44801690690137,5.430641919925676],[-72.44774448509803,5.42910869679485],[-72.44814432156724,5.4281041162283925],[-72.44674060170783,5.427895287137662],[-72.44568079934123,5.4270632115309105],[-72.4454343273379,5.427886715409074],[-72.44517150160523,5.4278984470723595],[-72.44505521238071,5.427694815688714],[-72.44490645735553,5.4270691406475144],[-72.44537215278365,5.426555065200343],[-72.44517978558177,5.425977928022848],[-72.44462202006245,5.425189942377888],[-72.44508760297609,5.424850263506549],[-72.44574649131691,5.423670783932705],[-72.4447249288625,5.423549382597504],[-72.44376091634548,5.4230014337740124],[-72.44315878712598,5.422237567887275],[-72.4428500190396,5.421170863656451],[-72.44291513114915,5.420337817268976],[-72.44322994847151,5.41956407285833],[-72.44376464941969,5.418922924490974],[-72.44453136256939,5.4184486241122904],[-72.4454141606179,5.418252382862614],[-72.44624344198421,5.418339058595339],[-72.44700714302913,5.418674375018685],[-72.44763292121273,5.419226569960351],[-72.44806149552888,5.419943331327832],[-72.44825932110147,5.420896391513426],[-72.4481299099066,5.42179550449255],[-72.44769071916713,5.422697123510722],[-72.4488283477704,5.422885649545352],[-72.44981750133277,5.4235662066826515],[-72.450317963903,5.424339728453936],[-72.45052507456317,5.425156888806598],[-72.45046713133604,5.426020067081688],[-72.45016076837175,5.426796960893467],[-72.45101191458758,5.426832917168398],[-72.45183751456786,5.427148751077768],[-72.45255334616245,5.427756003000776],[-72.45298193125278,5.428472761528912],[-72.45317270985984,5.429286194020555],[-72.4531228914782,5.430050652818004],[-72.45288699775054,5.43072251875359],[-72.45242108521076,5.431378357981417],[-72.45281242602896,5.432362005909161],[-72.45222928818562,5.432538663042327],[-72.45165543518583,5.4330170232992545],[-72.45099623545501,5.4327578287706535],[-72.45050857227288,5.433039924929684],[-72.4504418948779,5.432795634146645]]]}},{"id":"152","type":"Feature","properties":{"NOMBRE_PRO":"Estudio de impacto ambiental para la modificación de la licencia ambiental del área de pozos de Cusiana TA, pozo Cusiana TA-27  y T3","CLIENTE":"ECOPETROL S.A","DEPARTAMEN":"CASANARE","MUNICIPIO":"AGUAZUL","SECTOR":"HIDROCARBUROS","LATITUD":"5° 4' 50,857\" N","LONGITUD":"72° 37' 59,559\" W"},"geometry":{"type":"Polygon","coordinates":[[[-72.65453052274758,5.111516469997128],[-72.6513170926915,5.113206421158041],[-72.64796504140274,5.118812789613849],[-72.64757340879613,5.120152206190832],[-72.64111944515614,5.118427574967462],[-72.63239317594137,5.117745960194787],[-72.62625795230346,5.113657957115869],[-72.62515937462359,5.113514558134534],[-72.62271274433449,5.111019081828604],[-72.62195014361369,5.110635127626304],[-72.62168140835226,5.109968898210761],[-72.62129300222198,5.109538299000729],[-72.6201317894612,5.108788205757442],[-72.618963947341,5.108351296617243],[-72.61848781248729,5.107929246946196],[-72.61645776951421,5.1068368163992535],[-72.61626762885014,5.106530226468452],[-72.61568647005292,5.106191169221391],[-72.61498999179743,5.1061608805221725],[-72.61430236102355,5.10643676804662],[-72.61298571803627,5.106385927999564],[-72.60646244277984,5.107048859804342],[-72.60538428073346,5.107027252603772],[-72.60167122819261,5.106148095710202],[-72.59824052856393,5.105728803224335],[-72.59650364986139,5.105858741192469],[-72.59501239311987,5.105191502506924],[-72.59240841592965,5.104463774936252],[-72.59070793742242,5.103424814032153],[-72.59040082948569,5.102584446322449],[-72.59066104990211,5.102032661980458],[-72.59109124402444,5.101674883144227],[-72.59168550075842,5.101547098399198],[-72.59215627451044,5.1012472899057135],[-72.59333436763843,5.10100632459468],[-72.59372593749369,5.100590223158258],[-72.59370122360902,5.0988871825708335],[-72.59262683819908,5.097229555615032],[-72.5922921429827,5.096100387610664],[-72.59199289053672,5.093767506997322],[-72.5918113857064,5.093177310550181],[-72.59137571004733,5.092654776291747],[-72.59447772054428,5.084683789052739],[-72.60203390945793,5.068070765033182],[-72.60334943850067,5.064503787097522],[-72.60867005310679,5.051971874814009],[-72.61310042104962,5.038683763947889],[-72.61419223211637,5.038479952198663],[-72.615592400845,5.038833410981924],[-72.61714958983448,5.0395164623222755],[-72.61794908819371,5.0396116404460995],[-72.61976223766469,5.039735373071532],[-72.62089970374122,5.039592802237962],[-72.62145071846814,5.0408392014994705],[-72.62205232933327,5.041047872514088],[-72.6239115205915,5.040578432696014],[-72.62426943659645,5.041024015297482],[-72.62522938202184,5.040956326477222],[-72.62603864805254,5.0413159660555245],[-72.62689118145009,5.0411763784943],[-72.62700532791185,5.0419989533658685],[-72.6275102612391,5.042160871237698],[-72.62811153705417,5.042965765601706],[-72.6292472236884,5.042485120719004],[-72.62955500676927,5.042919897328991],[-72.62992188830661,5.043113998131182],[-72.63028031071002,5.043712965842461],[-72.63067981542632,5.043940892218079],[-72.63168998780246,5.043733143890284],[-72.63223071533122,5.043941772015877],[-72.63360642876495,5.0433714612295],[-72.63462342163625,5.04377431013233],[-72.63553689989715,5.043541358194345],[-72.63653962665778,5.043836443086446],[-72.63665044453002,5.044224414019425],[-72.63963538500717,5.045969944420982],[-72.64191999810713,5.048342964632644],[-72.64464744616568,5.050011352773417],[-72.646670580104,5.051989125965802],[-72.64693193510182,5.052456121391616],[-72.64838440027604,5.0536193908298666],[-72.64950416475935,5.054219830118862],[-72.65024158170537,5.05514233278553],[-72.65217320732104,5.055349893280387],[-72.65350718477967,5.056166070512189],[-72.6542106858166,5.056239372448355],[-72.65478346502894,5.056097115444613],[-72.65641978109363,5.055000430870795],[-72.65891309145174,5.054298726372323],[-72.66121935854649,5.053342221360823],[-72.66161472552795,5.053403695028529],[-72.66276137424171,5.055024705514869],[-72.66314573521943,5.0559727390817875],[-72.66342123509213,5.057902181716835],[-72.66325338608745,5.059249001960411],[-72.66406737355452,5.059950099725266],[-72.66465827890866,5.061739698612453],[-72.6654902585863,5.063069023294752],[-72.66618327456959,5.0647148238918565],[-72.66692167635522,5.065155518989853],[-72.66783859471144,5.065242192093876],[-72.6687235241825,5.065075312152814],[-72.66962373898416,5.065410140989558],[-72.67071918029845,5.066249693931211],[-72.67101589886694,5.066920075178344],[-72.67200286668685,5.068285611088697],[-72.67214479778319,5.068836060097024],[-72.67218715235404,5.071311784040927],[-72.67228197204307,5.071587060029042],[-72.67279409903132,5.071923042124393],[-72.67304264820105,5.07280859177827],[-72.67343179823087,5.073386357527296],[-72.67348858515453,5.074430389912499],[-72.67420471748795,5.074938386385819],[-72.67468177711717,5.0760017871357626],[-72.67522944776276,5.076344265300073],[-72.67571264855798,5.079081214494249],[-72.67542242039826,5.080922360611864],[-72.67498971324522,5.082464206410237],[-72.67400786944658,5.084232088296301],[-72.67386135226319,5.085798473671982],[-72.67394688548931,5.086351595896173],[-72.67364023780424,5.088305355645039],[-72.6728181038498,5.089607548830814],[-72.67266507718942,5.089990591875714],[-72.67267136134136,5.090700144226534],[-72.67242960201133,5.09108626696137],[-72.67131108563868,5.092066901109313],[-72.67058024035398,5.0924814967300485],[-72.66916930877758,5.092650635314822],[-72.66844498826626,5.093555110018363],[-72.66737583775743,5.0943371881325135],[-72.66671645223133,5.095222576051784],[-72.66623589266959,5.0968121403559055],[-72.66576869521626,5.097743959229659],[-72.66587481289254,5.0983062901792255],[-72.66550256041928,5.099453587094499],[-72.66505882019197,5.100564848204153],[-72.66437721423013,5.101364637801239],[-72.66409974577789,5.102799169944468],[-72.66341700857714,5.1041132139949505],[-72.66235301364782,5.105235064998758],[-72.66101003709475,5.108473127870921],[-72.66005376916678,5.109415817078947],[-72.65940929434642,5.110516318141265],[-72.65848181423621,5.110702511374252],[-72.65813043192229,5.11025799525774],[-72.65775561078057,5.1100790108955305],[-72.6572256814557,5.1100988245674905],[-72.65644729842761,5.110422398322122],[-72.65610837437002,5.110959126178993],[-72.65453052274758,5.111516469997128]]]}},{"id":"153","type":"Feature","properties":{"NOMBRE_PRO":"ACTUALIZACIÓN DE LAS MEDIDAS DE MANEJO Y SEGUIMIENTO AMBIENTAL PARA LA LÍNEA DEL NAFTADUCTO APIAY-CHICHIMENE, EN CUMPLIMIENTO DE LA RESOLUCIÓN 2433 DE 2021 Y RESOLUCIÓN 00880 DE 2022","CLIENTE":"ECOPETROL S.A","DEPARTAMEN":"META","MUNICIPIO":"VILLAVICENCIO / ACACIAS","SECTOR":"HIDROCARBUROS","LATITUD":"4° 0' 42,821\" N","LONGITUD":"73° 32' 6,909\" W"},"geometry":{"type":"Polygon","coordinates":[[[-73.68830559985807,3.9285938245198575],[-73.6900300094201,3.9289368363335755],[-73.69149246177606,3.9299165032716723],[-73.692470313503,3.931383681544395],[-73.69281469429436,3.933115008917269],[-73.69257679520405,3.9345696963124093],[-73.69205747503506,3.9356295522790075],[-73.68943907614248,3.938596005664141],[-73.68844284847046,3.939379648700796],[-73.68727387737074,3.9398677073874913],[-73.68617542521014,3.9400374982512485],[-73.68072161035838,3.941582884456624],[-73.67444568422668,3.9435412400004597],[-73.67257649722562,3.9444418872692575],[-73.66771421346809,3.948580248089878],[-73.66454530567285,3.9504467429219505],[-73.66293492740178,3.9509064860821645],[-73.66057590272804,3.9507635096176053],[-73.6597528609059,3.9509496731566123],[-73.65368623050975,3.9538820010804336],[-73.6519638539053,3.954291971860153],[-73.65042161819237,3.9580168989398192],[-73.64952052843599,3.9590336349357877],[-73.64761690204459,3.9604091598239135],[-73.64642561195775,3.9608087191138193],[-73.63970288424339,3.962045372165062],[-73.63796919625887,3.9635910682820477],[-73.63617354096102,3.9647745459217933],[-73.63475514328627,3.96596955521739],[-73.63322070506993,3.9667628791272795],[-73.63145146144315,3.967084136544032],[-73.62782176274781,3.9668078969200544],[-73.62740354486279,3.967064796910804],[-73.62532920590736,3.969387661555577],[-73.6235963154637,3.970931143531082],[-73.61724067464934,3.9751653580820685],[-73.61266003150703,3.9779123952738584],[-73.60291499171448,3.980835307457646],[-73.60043217114846,3.982221388476674],[-73.59705323783542,3.9837695084141194],[-73.59581837657453,3.9840685665212545],[-73.5892450251866,3.98485313527465],[-73.5848810218412,3.9873998411318397],[-73.58263816349395,3.9894986008052173],[-73.5782223058584,3.9931914114302574],[-73.5734815325712,3.9953629953466114],[-73.5715734130923,3.9960054236253617],[-73.56736102709785,3.9978822950738477],[-73.5664039497238,3.9985386849375577],[-73.56247665982252,4.005790953335721],[-73.55864137293372,4.013370995952485],[-73.55539030138699,4.022231163322069],[-73.55471494824981,4.0234903266156765],[-73.55409415168481,4.024242674850749],[-73.55286634918838,4.025285162900384],[-73.5465808757217,4.028738323976668],[-73.54121983250349,4.030816513582543],[-73.53442840815636,4.03221183142645],[-73.53139272154871,4.0335750306205735],[-73.51936600870701,4.039541489178681],[-73.51743574669746,4.040157249998498],[-73.50910119884306,4.041137489534493],[-73.49821220787092,4.039303377703304],[-73.49300525410251,4.037957160901676],[-73.48908601646227,4.037831566647079],[-73.48605986377491,4.038158999212594],[-73.45988614444923,4.051166635723058],[-73.4551450882562,4.052844988824673],[-73.45253679543573,4.054097267427313],[-73.45037665043768,4.055541513198713],[-73.44837080540263,4.057598354988368],[-73.44501477639601,4.059637106924746],[-73.44401779392516,4.059934024552357],[-73.43642124429778,4.061259975108579],[-73.43154571097242,4.061692900028363],[-73.42899953287404,4.063213906953233],[-73.42697477045908,4.064163112776211],[-73.42577797766982,4.065299473907652],[-73.41846942756335,4.069590634415016],[-73.40438386211818,4.077162393206542],[-73.39964725551854,4.080676297605193],[-73.39769788929335,4.081359812245348],[-73.39187942114094,4.082588844938052],[-73.38838018866323,4.083951682306293],[-73.38292778984221,4.0873082305323685],[-73.38201461109774,4.088952905857083],[-73.38113049697765,4.089732211171193],[-73.38035158469046,4.090150748850684],[-73.37862719296092,4.090496022818112],[-73.37690247757187,4.0901523815537555],[-73.37544001473015,4.089172142261151],[-73.3745842842307,4.08797420459931],[-73.37420561690043,4.086855773644866],[-73.37399827240104,4.084544804652975],[-73.37429032597757,4.083208638318979],[-73.37494934245427,4.082000991535328],[-73.37622815581453,4.080822407331355],[-73.38401152496449,4.076030363278588],[-73.38931049498454,4.073897990797394],[-73.39551759049475,4.0725755818664355],[-73.39969987415617,4.069411282916914],[-73.41403645250203,4.061710789858548],[-73.41977198339046,4.058378504167266],[-73.4204453657326,4.057536467544868],[-73.42136157355523,4.056826596132974],[-73.42465590090002,4.055273960081272],[-73.42837151990733,4.053166583494247],[-73.43164113993912,4.052505095501152],[-73.43526597758296,4.05227735382934],[-73.44164769087702,4.051159683225515],[-73.44285493909815,4.050409488352402],[-73.44485459413903,4.048378542800759],[-73.44828706291376,4.046106573297397],[-73.45174512588696,4.044457502733561],[-73.45612114937859,4.042940183806989],[-73.48315272195215,4.029499820330241],[-73.4843762968846,4.029172246687164],[-73.48870291273994,4.028762997400009],[-73.49388284806356,4.028908588992571],[-73.49991588051235,4.030412652715903],[-73.50952003895924,4.032038376398577],[-73.51571524789233,4.0312583882046225],[-73.52751500413885,4.025405120801698],[-73.53125614201429,4.0237149991843655],[-73.53870267631605,4.022124812938155],[-73.54265574731672,4.0205867011095995],[-73.54730484437711,4.0180863863387],[-73.5495508362703,4.011737019606952],[-73.55048504397207,4.009521955460878],[-73.55447363741715,4.001629762069419],[-73.55862922922948,3.993945658790582],[-73.55992793878617,3.9921357536575117],[-73.5624551078336,3.990273038302117],[-73.5665960673769,3.9883986558239415],[-73.56806419254359,3.987570607329068],[-73.57000932387487,3.987010943172624],[-73.57349477147146,3.9854400634103198],[-73.5795063295343,3.9801223219579223],[-73.58540207740491,3.9766597189404025],[-73.58686078737672,3.9761169502539118],[-73.58880109661456,3.975710825964305],[-73.59437424457863,3.9751234460346008],[-73.60004644945226,3.9721497925662543],[-73.60906075633532,3.9695744056855853],[-73.61431068348493,3.966302172156577],[-73.6182804933297,3.9636021244665405],[-73.62145586439821,3.960231719793096],[-73.62379464333253,3.9586915849205724],[-73.62537794258117,3.958086895815559],[-73.62701091600339,3.9577321803503436],[-73.62825341858073,3.957684586072391],[-73.63025201386453,3.957941930116736],[-73.63251968670326,3.9563652481798224],[-73.63474975306531,3.95438038425606],[-73.63600690167452,3.9536240814874497],[-73.64312964252103,3.9522094463784554],[-73.64381863691933,3.9496916426846056],[-73.6442597042684,3.94872007590812],[-73.64525178522132,3.9475161234109346],[-73.64645864806428,3.946715656283943],[-73.64872925021996,3.945712636464994],[-73.65054514599363,3.9453536978392414],[-73.65632432230596,3.9425306326236065],[-73.65972123351058,3.9417024624968073],[-73.66161257852931,3.941773293392216],[-73.66725285225417,3.9371397648781734],[-73.67026689974719,3.93543338656865],[-73.67821597738474,3.9328866160927176],[-73.68390701284716,3.931270065722523],[-73.68512090782278,3.929921772208718],[-73.68605341311539,3.9292019091196297],[-73.68713965245506,3.9287489703426233],[-73.68830559985807,3.9285938245198575]]]}},{"id":"154","type":"Feature","properties":{"NOMBRE_PRO":"Plan de aprovechamiento forestal (PAF) proyecto 40 acres etapas 2-3-4  y upside.","CLIENTE":"ECOPETROL S.A","DEPARTAMEN":"META","MUNICIPIO":"CASTILLA LA NUEVA / ACACÍAS","SECTOR":"HIDROCARBUROS","LATITUD":"3° 55' 40,411\" N","LONGITUD":"73° 42' 9,730\" W"},"geometry":{"type":"Polygon","coordinates":[[[-73.64390056910096,3.949780272675504],[-73.73656575971711,3.8746720277755102],[-73.76171722426601,3.905139704894309],[-73.69213032239067,3.963094158669524],[-73.66697405174587,3.980219944292963],[-73.64390056910096,3.949780272675504]]]}}]}